scientific_name,scientific_name_precision,common_name,location,temperature_range,lower_temperature,upper_temperature,sunlight,watering,soil_type,soil_ph,lower_ph,upper_ph,scientific_name_source,care_source,soil_ph_source,notes,record_source_name,record_source_url
Dypsis lutescens,exact or cultivar-level,Areca Palm,indoor,65-80,65,80,Bright,moderate,Peat-based potting mix,6.0-7.5,6,7.5,Plant_App indoor_plants.csv | https://github.com/adhamera/Plant_App/blob/main/data/indoor_plants.csv?plain=1,processed_plant_data.csv | https://github.com/harshada-javeri/water-your-plant/blob/main/data/processed_plant_data.csv?plain=1,UConn plant pH preferences | https://soiltesting.cahnr.uconn.edu/plant-ph-preferences/,,Plant_App indoor_plants.csv,https://github.com/adhamera/Plant_App/blob/main/data/indoor_plants.csv?plain=1
Sansevieria trifasciata,exact or cultivar-level,Snake Plant,indoor,65-90,65,90,Low,rare,Cactus/succulent mix,4.5-7.0,4.5,7,Plant_App indoor_plants.csv | https://github.com/adhamera/Plant_App/blob/main/data/indoor_plants.csv?plain=1,processed_plant_data.csv | https://github.com/harshada-javeri/water-your-plant/blob/main/data/processed_plant_data.csv?plain=1,UConn plant pH preferences | https://soiltesting.cahnr.uconn.edu/plant-ph-preferences/,,Plant_App indoor_plants.csv,https://github.com/adhamera/Plant_App/blob/main/data/indoor_plants.csv?plain=1
Spathiphyllum,genus-level,Peace Lily,indoor,65-85,65,85,Low,frequent,Standard potting mix,6.0-7.0,6,7,Plant_App indoor_plants.csv | https://github.com/adhamera/Plant_App/blob/main/data/indoor_plants.csv?plain=1,processed_plant_data.csv | https://github.com/harshada-javeri/water-your-plant/blob/main/data/processed_plant_data.csv?plain=1,General home-garden pH range | https://www.mahagro.com/blogs/articles/soil-ph-levels-for-plants,,Plant_App indoor_plants.csv,https://github.com/adhamera/Plant_App/blob/main/data/indoor_plants.csv?plain=1
Epipremnum aureum,exact or cultivar-level,Money Plant (Pothos),indoor,60-85,60,85,Low,moderate,Standard potting mix,6.0-7.0,6,7,Plant_App indoor_plants.csv | https://github.com/adhamera/Plant_App/blob/main/data/indoor_plants.csv?plain=1,processed_plant_data.csv | https://github.com/harshada-javeri/water-your-plant/blob/main/data/processed_plant_data.csv?plain=1,General home-garden pH range | https://www.mahagro.com/blogs/articles/soil-ph-levels-for-plants,,Plant_App indoor_plants.csv,https://github.com/adhamera/Plant_App/blob/main/data/indoor_plants.csv?plain=1
Aloe vera,exact or cultivar-level,Aloe Vera,indoor,55-80,55,80,Bright,rare,Cactus/succulent mix,5.0-6.5,5,6.5,Plant_App indoor_plants.csv | https://github.com/adhamera/Plant_App/blob/main/data/indoor_plants.csv?plain=1,processed_plant_data.csv | https://github.com/harshada-javeri/water-your-plant/blob/main/data/processed_plant_data.csv?plain=1,UConn plant pH preferences (Century Plant) | https://soiltesting.cahnr.uconn.edu/plant-ph-preferences/,,Plant_App indoor_plants.csv,https://github.com/adhamera/Plant_App/blob/main/data/indoor_plants.csv?plain=1
Chlorophytum Comosum Variegata,exact or cultivar-level,Spider Plant,indoor,65-75,65,75,Bright,frequent,Standard potting mix,6.0-7.5,6,7.5,ispeakplantish common-houseplants-data.csv | https://raw.githubusercontent.com/anjelicasilva/ispeakplantish/master/seed_data/common-houseplants-data.csv,processed_plant_data.csv | https://github.com/harshada-javeri/water-your-plant/blob/main/data/processed_plant_data.csv?plain=1,UConn plant pH preferences | https://soiltesting.cahnr.uconn.edu/plant-ph-preferences/,,ispeakplantish common-houseplants-data.csv,https://raw.githubusercontent.com/anjelicasilva/ispeakplantish/master/seed_data/common-houseplants-data.csv
Ficus elastica,exact or cultivar-level,Rubber Plant,indoor,65-85,65,85,Bright,moderate,Well-draining potting mix,5.0-6.0,5,6,Plant_App indoor_plants.csv | https://github.com/adhamera/Plant_App/blob/main/data/indoor_plants.csv?plain=1,processed_plant_data.csv | https://github.com/harshada-javeri/water-your-plant/blob/main/data/processed_plant_data.csv?plain=1,UConn plant pH preferences | https://soiltesting.cahnr.uconn.edu/plant-ph-preferences/,,Plant_App indoor_plants.csv,https://github.com/adhamera/Plant_App/blob/main/data/indoor_plants.csv?plain=1
Dieffenbachia,genus-level,Dumb Cane (Dieffenbachia),indoor,65-80,65,80,Bright,frequent,"Rich, well-draining soil",5.0-6.0,5,6,ispeakplantish common-houseplants-data.csv | https://raw.githubusercontent.com/anjelicasilva/ispeakplantish/master/seed_data/common-houseplants-data.csv,processed_plant_data.csv | https://github.com/harshada-javeri/water-your-plant/blob/main/data/processed_plant_data.csv?plain=1,UConn plant pH preferences | https://soiltesting.cahnr.uconn.edu/plant-ph-preferences/,,ispeakplantish common-houseplants-data.csv,https://raw.githubusercontent.com/anjelicasilva/ispeakplantish/master/seed_data/common-houseplants-data.csv
Dracaena Braunii,exact or cultivar-level,Lucky Bamboo,indoor,65-95,65,95,Low,frequent,N/A (hydroponic),5.0-7.5,5,7.5,Plant_App indoor_plants.csv | https://github.com/adhamera/Plant_App/blob/main/data/indoor_plants.csv?plain=1,processed_plant_data.csv | https://github.com/harshada-javeri/water-your-plant/blob/main/data/processed_plant_data.csv?plain=1,GardenersNet houseplant pH chart | https://www.gardenersnet.com/atoz/ph-houseplants.htm,,Plant_App indoor_plants.csv,https://github.com/adhamera/Plant_App/blob/main/data/indoor_plants.csv?plain=1
Philodendron spp.,genus-level or group-level,Philodendron,indoor,65-75,65,75,Low,moderate,Standard potting mix,5.0-6.0,5,6,Derived genus-level ID from name in processed_plant_data.csv | https://github.com/harshada-javeri/water-your-plant/blob/main/data/processed_plant_data.csv?plain=1,processed_plant_data.csv | https://github.com/harshada-javeri/water-your-plant/blob/main/data/processed_plant_data.csv?plain=1,UConn plant pH preferences | https://soiltesting.cahnr.uconn.edu/plant-ph-preferences/,,Derived genus-level ID from name in processed_plant_data.csv,https://github.com/harshada-javeri/water-your-plant/blob/main/data/processed_plant_data.csv?plain=1
Anthurium andraeanum,exact or cultivar-level,Anthurium,indoor,70-90,70,90,Bright,frequent,"Coarse, well-draining mix",5.5-6.5,5.5,6.5,Derived genus/species from name in processed_plant_data.csv | https://github.com/harshada-javeri/water-your-plant/blob/main/data/processed_plant_data.csv?plain=1,processed_plant_data.csv | https://github.com/harshada-javeri/water-your-plant/blob/main/data/processed_plant_data.csv?plain=1,General tropical aroid range | https://www.mahagro.com/blogs/articles/soil-ph-levels-for-plants,,Derived genus/species from name in processed_plant_data.csv,https://github.com/harshada-javeri/water-your-plant/blob/main/data/processed_plant_data.csv?plain=1
Codiaeum variegatum,exact or cultivar-level,Croton,indoor,65-80,65,80,Bright,frequent,Well-draining potting mix,5.0-6.0,5,6,Derived genus/species from name in processed_plant_data.csv | https://github.com/harshada-javeri/water-your-plant/blob/main/data/processed_plant_data.csv?plain=1,processed_plant_data.csv | https://github.com/harshada-javeri/water-your-plant/blob/main/data/processed_plant_data.csv?plain=1,UConn plant pH preferences | https://soiltesting.cahnr.uconn.edu/plant-ph-preferences/,,Derived genus/species from name in processed_plant_data.csv,https://github.com/harshada-javeri/water-your-plant/blob/main/data/processed_plant_data.csv?plain=1
Nephrolepis Exaltata Bostoniensis,exact or cultivar-level,Boston Fern,indoor,65-75,65,75,Bright,very frequent,Peat-based mix,5.5-6.5,5.5,6.5,ispeakplantish common-houseplants-data.csv | https://raw.githubusercontent.com/anjelicasilva/ispeakplantish/master/seed_data/common-houseplants-data.csv,processed_plant_data.csv | https://github.com/harshada-javeri/water-your-plant/blob/main/data/processed_plant_data.csv?plain=1,UConn plant pH preferences | https://soiltesting.cahnr.uconn.edu/plant-ph-preferences/,,ispeakplantish common-houseplants-data.csv,https://raw.githubusercontent.com/anjelicasilva/ispeakplantish/master/seed_data/common-houseplants-data.csv
Zamioculcas Zamifolia,exact or cultivar-level,ZZ Plant,indoor,65-90,65,90,Low,rare,Cactus/succulent mix,6.0-7.0,6,7,Plant_App indoor_plants.csv | https://github.com/adhamera/Plant_App/blob/main/data/indoor_plants.csv?plain=1,processed_plant_data.csv | https://github.com/harshada-javeri/water-your-plant/blob/main/data/processed_plant_data.csv?plain=1,General home-garden pH range | https://www.mahagro.com/blogs/articles/soil-ph-levels-for-plants,,Plant_App indoor_plants.csv,https://github.com/adhamera/Plant_App/blob/main/data/indoor_plants.csv?plain=1
Asplenium 'Leslie',exact or cultivar-level,Bird’s Nest Fern,indoor,65-80,65,80,Low,frequent,Peat-based mix,5.0-5.5,5,5.5,ispeakplantish common-houseplants-data.csv | https://raw.githubusercontent.com/anjelicasilva/ispeakplantish/master/seed_data/common-houseplants-data.csv,processed_plant_data.csv | https://github.com/harshada-javeri/water-your-plant/blob/main/data/processed_plant_data.csv?plain=1,UConn plant pH preferences | https://soiltesting.cahnr.uconn.edu/plant-ph-preferences/,,ispeakplantish common-houseplants-data.csv,https://raw.githubusercontent.com/anjelicasilva/ispeakplantish/master/seed_data/common-houseplants-data.csv
Goeppertia spp.,genus-level or group-level,Calathea,indoor,65-75,65,75,Medium,frequent,Peat-based mix,6.0-7.0,6,7,Derived genus/species from name in processed_plant_data.csv | https://github.com/harshada-javeri/water-your-plant/blob/main/data/processed_plant_data.csv?plain=1,processed_plant_data.csv | https://github.com/harshada-javeri/water-your-plant/blob/main/data/processed_plant_data.csv?plain=1,General home-garden pH range | https://www.mahagro.com/blogs/articles/soil-ph-levels-for-plants,,Derived genus/species from name in processed_plant_data.csv,https://github.com/harshada-javeri/water-your-plant/blob/main/data/processed_plant_data.csv?plain=1
Aglaonema spp.,genus-level or group-level,Aglaonema,indoor,65-75,65,75,Low,moderate,Well-draining potting mix,5.0-6.0,5,6,Derived genus/species from name in processed_plant_data.csv | https://github.com/harshada-javeri/water-your-plant/blob/main/data/processed_plant_data.csv?plain=1,processed_plant_data.csv | https://github.com/harshada-javeri/water-your-plant/blob/main/data/processed_plant_data.csv?plain=1,UConn plant pH preferences | https://soiltesting.cahnr.uconn.edu/plant-ph-preferences/,,Derived genus/species from name in processed_plant_data.csv,https://github.com/harshada-javeri/water-your-plant/blob/main/data/processed_plant_data.csv?plain=1
Kalanchoe blossfeldiana,exact or cultivar-level,Kalanchoe,indoor,65-75,65,75,Bright,rare,Cactus/succulent mix,6.0-7.5,6,7.5,Derived genus/species from name in processed_plant_data.csv | https://github.com/harshada-javeri/water-your-plant/blob/main/data/processed_plant_data.csv?plain=1,processed_plant_data.csv | https://github.com/harshada-javeri/water-your-plant/blob/main/data/processed_plant_data.csv?plain=1,UConn plant pH preferences | https://soiltesting.cahnr.uconn.edu/plant-ph-preferences/,,Derived genus/species from name in processed_plant_data.csv,https://github.com/harshada-javeri/water-your-plant/blob/main/data/processed_plant_data.csv?plain=1
Begonia rex-cultorum,exact or cultivar-level,Rex Begonia,indoor,65-75,65,75,Bright,frequent,Standard potting mix,5.5-7.0,5.5,7,Derived genus/species from name in processed_plant_data.csv | https://github.com/harshada-javeri/water-your-plant/blob/main/data/processed_plant_data.csv?plain=1,processed_plant_data.csv | https://github.com/harshada-javeri/water-your-plant/blob/main/data/processed_plant_data.csv?plain=1,UConn plant pH preferences | https://soiltesting.cahnr.uconn.edu/plant-ph-preferences/,,Derived genus/species from name in processed_plant_data.csv,https://github.com/harshada-javeri/water-your-plant/blob/main/data/processed_plant_data.csv?plain=1
Begonia semperflorens,exact or cultivar-level,Wax Begonia,indoor,65-75,65,75,Bright,frequent,Standard potting mix,5.5-7.0,5.5,7,Derived genus/species from name in processed_plant_data.csv | https://github.com/harshada-javeri/water-your-plant/blob/main/data/processed_plant_data.csv?plain=1,processed_plant_data.csv | https://github.com/harshada-javeri/water-your-plant/blob/main/data/processed_plant_data.csv?plain=1,UConn plant pH preferences | https://soiltesting.cahnr.uconn.edu/plant-ph-preferences/,,Derived genus/species from name in processed_plant_data.csv,https://github.com/harshada-javeri/water-your-plant/blob/main/data/processed_plant_data.csv?plain=1
Oxalis spp.,genus-level or group-level,Oxalis,indoor,60-75,60,75,Bright,frequent,Standard potting mix,6.0-8.0,6,8,Derived genus-level ID from name in processed_plant_data.csv | https://github.com/harshada-javeri/water-your-plant/blob/main/data/processed_plant_data.csv?plain=1,processed_plant_data.csv | https://github.com/harshada-javeri/water-your-plant/blob/main/data/processed_plant_data.csv?plain=1,UConn plant pH preferences | https://soiltesting.cahnr.uconn.edu/plant-ph-preferences/,,Derived genus-level ID from name in processed_plant_data.csv,https://github.com/harshada-javeri/water-your-plant/blob/main/data/processed_plant_data.csv?plain=1
Ficus Lyrata,exact or cultivar-level,Fiddle Leaf Fig,indoor,65-80,65,80,Bright,frequent,Well-draining potting mix,5.0-6.0,5,6,ispeakplantish common-houseplants-data.csv | https://raw.githubusercontent.com/anjelicasilva/ispeakplantish/master/seed_data/common-houseplants-data.csv,processed_plant_data.csv | https://github.com/harshada-javeri/water-your-plant/blob/main/data/processed_plant_data.csv?plain=1,UConn plant pH preferences | https://soiltesting.cahnr.uconn.edu/plant-ph-preferences/,,ispeakplantish common-houseplants-data.csv,https://raw.githubusercontent.com/anjelicasilva/ispeakplantish/master/seed_data/common-houseplants-data.csv
Crassula ovata,exact or cultivar-level,Jade Plant,indoor,65-75,65,75,Bright,rare,Cactus/succulent mix,6.0-7.0,6,7,Plant_App indoor_plants.csv | https://github.com/adhamera/Plant_App/blob/main/data/indoor_plants.csv?plain=1,processed_plant_data.csv | https://github.com/harshada-javeri/water-your-plant/blob/main/data/processed_plant_data.csv?plain=1,General home-garden pH range | https://www.mahagro.com/blogs/articles/soil-ph-levels-for-plants,,Plant_App indoor_plants.csv,https://github.com/adhamera/Plant_App/blob/main/data/indoor_plants.csv?plain=1
Syngonium podophyllum,exact or cultivar-level,Arrowhead Plant,indoor,65-85,65,85,Low,frequent,Standard potting mix,6.0-7.0,6,7,Plant_App indoor_plants.csv | https://github.com/adhamera/Plant_App/blob/main/data/indoor_plants.csv?plain=1,processed_plant_data.csv | https://github.com/harshada-javeri/water-your-plant/blob/main/data/processed_plant_data.csv?plain=1,General home-garden pH range | https://www.mahagro.com/blogs/articles/soil-ph-levels-for-plants,,Plant_App indoor_plants.csv,https://github.com/adhamera/Plant_App/blob/main/data/indoor_plants.csv?plain=1
Dracaena spp.,genus-level or group-level,Dracaena Marginata,indoor,70-85,70,85,Bright,moderate,Well-draining potting mix,5.0-6.0,5,6,Derived genus-level ID from name in processed_plant_data.csv | https://github.com/harshada-javeri/water-your-plant/blob/main/data/processed_plant_data.csv?plain=1,processed_plant_data.csv | https://github.com/harshada-javeri/water-your-plant/blob/main/data/processed_plant_data.csv?plain=1,UConn plant pH preferences | https://soiltesting.cahnr.uconn.edu/plant-ph-preferences/,,Derived genus-level ID from name in processed_plant_data.csv,https://github.com/harshada-javeri/water-your-plant/blob/main/data/processed_plant_data.csv?plain=1
Chamaedorea Seifrizii,exact or cultivar-level,Bamboo Palm,indoor,65-75,65,75,Low,frequent,Peat-based mix,6.0-7.5,6,7.5,ispeakplantish common-houseplants-data.csv | https://raw.githubusercontent.com/anjelicasilva/ispeakplantish/master/seed_data/common-houseplants-data.csv,processed_plant_data.csv | https://github.com/harshada-javeri/water-your-plant/blob/main/data/processed_plant_data.csv?plain=1,UConn plant pH preferences | https://soiltesting.cahnr.uconn.edu/plant-ph-preferences/,,ispeakplantish common-houseplants-data.csv,https://raw.githubusercontent.com/anjelicasilva/ispeakplantish/master/seed_data/common-houseplants-data.csv
Musa acuminata,exact or cultivar-level,Dwarf Banana,indoor,75-90,75,90,Bright,very frequent,"Rich, loamy soil",6.0-7.0,6,7,Derived genus/species from name in processed_plant_data.csv | https://github.com/harshada-javeri/water-your-plant/blob/main/data/processed_plant_data.csv?plain=1,processed_plant_data.csv | https://github.com/harshada-javeri/water-your-plant/blob/main/data/processed_plant_data.csv?plain=1,General home-garden pH range | https://www.mahagro.com/blogs/articles/soil-ph-levels-for-plants,,Derived genus/species from name in processed_plant_data.csv,https://github.com/harshada-javeri/water-your-plant/blob/main/data/processed_plant_data.csv?plain=1
Alocasia spp.,genus-level or group-level,Alocasia,indoor,65-80,65,80,Bright,frequent,Well-draining potting mix,6.0-7.0,6,7,Derived genus/species from name in processed_plant_data.csv | https://github.com/harshada-javeri/water-your-plant/blob/main/data/processed_plant_data.csv?plain=1,processed_plant_data.csv | https://github.com/harshada-javeri/water-your-plant/blob/main/data/processed_plant_data.csv?plain=1,General home-garden pH range | https://www.mahagro.com/blogs/articles/soil-ph-levels-for-plants,,Derived genus/species from name in processed_plant_data.csv,https://github.com/harshada-javeri/water-your-plant/blob/main/data/processed_plant_data.csv?plain=1
Monstera deliciosa,exact or cultivar-level,Monstera Deliciosa,indoor,65-85,65,85,Bright,moderate,"Chunky, well-draining aroid mix",5.0-6.0,5,6,Derived genus/species from name in processed_plant_data.csv | https://github.com/harshada-javeri/water-your-plant/blob/main/data/processed_plant_data.csv?plain=1,processed_plant_data.csv | https://github.com/harshada-javeri/water-your-plant/blob/main/data/processed_plant_data.csv?plain=1,UConn plant pH preferences | https://soiltesting.cahnr.uconn.edu/plant-ph-preferences/,,Derived genus/species from name in processed_plant_data.csv,https://github.com/harshada-javeri/water-your-plant/blob/main/data/processed_plant_data.csv?plain=1
Monstera adansonii,exact or cultivar-level,Monstera Adansonii,indoor,65-80,65,80,Bright,frequent,"Chunky, well-draining aroid mix",5.0-6.0,5,6,Derived genus/species from name in processed_plant_data.csv | https://github.com/harshada-javeri/water-your-plant/blob/main/data/processed_plant_data.csv?plain=1,processed_plant_data.csv | https://github.com/harshada-javeri/water-your-plant/blob/main/data/processed_plant_data.csv?plain=1,UConn plant pH preferences | https://soiltesting.cahnr.uconn.edu/plant-ph-preferences/,,Derived genus/species from name in processed_plant_data.csv,https://github.com/harshada-javeri/water-your-plant/blob/main/data/processed_plant_data.csv?plain=1
Maranta leuconeura,exact or cultivar-level,Prayer Plant (Maranta),indoor,65-80,65,80,Medium,frequent,Peat-based potting mix,5.0-6.0,5,6,Plant_App indoor_plants.csv | https://github.com/adhamera/Plant_App/blob/main/data/indoor_plants.csv?plain=1,processed_plant_data.csv | https://github.com/harshada-javeri/water-your-plant/blob/main/data/processed_plant_data.csv?plain=1,UConn plant pH preferences | https://soiltesting.cahnr.uconn.edu/plant-ph-preferences/,,Plant_App indoor_plants.csv,https://github.com/adhamera/Plant_App/blob/main/data/indoor_plants.csv?plain=1
Schefflera arboricola,exact or cultivar-level,Umbrella Plant,indoor,65-75,65,75,Bright,frequent,Well-draining potting mix,5.0-7.5,5,7.5,Plant_App indoor_plants.csv | https://github.com/adhamera/Plant_App/blob/main/data/indoor_plants.csv?plain=1,processed_plant_data.csv | https://github.com/harshada-javeri/water-your-plant/blob/main/data/processed_plant_data.csv?plain=1,UConn plant pH preferences | https://soiltesting.cahnr.uconn.edu/plant-ph-preferences/,,Plant_App indoor_plants.csv,https://github.com/adhamera/Plant_App/blob/main/data/indoor_plants.csv?plain=1
Philodendron spp.,genus-level or group-level,Philodendron Brasil,indoor,60-85,60,85,Medium,moderate,Standard potting mix,5.0-6.0,5,6,Derived genus-level ID from name in processed_plant_data.csv | https://github.com/harshada-javeri/water-your-plant/blob/main/data/processed_plant_data.csv?plain=1,processed_plant_data.csv | https://github.com/harshada-javeri/water-your-plant/blob/main/data/processed_plant_data.csv?plain=1,UConn plant pH preferences | https://soiltesting.cahnr.uconn.edu/plant-ph-preferences/,,Derived genus-level ID from name in processed_plant_data.csv,https://github.com/harshada-javeri/water-your-plant/blob/main/data/processed_plant_data.csv?plain=1
Caladium spp.,genus-level or group-level,Caladium,indoor,70-90,70,90,Low,very frequent,"Well-draining, rich soil",6.0-7.5,6,7.5,Derived genus-level ID from name in processed_plant_data.csv | https://github.com/harshada-javeri/water-your-plant/blob/main/data/processed_plant_data.csv?plain=1,processed_plant_data.csv | https://github.com/harshada-javeri/water-your-plant/blob/main/data/processed_plant_data.csv?plain=1,UConn plant pH preferences | https://soiltesting.cahnr.uconn.edu/plant-ph-preferences/,,Derived genus-level ID from name in processed_plant_data.csv,https://github.com/harshada-javeri/water-your-plant/blob/main/data/processed_plant_data.csv?plain=1
Tradescantia spp.,genus-level or group-level,Tradescantia Zebrina,indoor,65-75,65,75,Bright,frequent,Well-draining potting mix,5.0-6.0,5,6,Derived genus-level ID from name in processed_plant_data.csv | https://github.com/harshada-javeri/water-your-plant/blob/main/data/processed_plant_data.csv?plain=1,processed_plant_data.csv | https://github.com/harshada-javeri/water-your-plant/blob/main/data/processed_plant_data.csv?plain=1,UConn plant pH preferences | https://soiltesting.cahnr.uconn.edu/plant-ph-preferences/,,Derived genus-level ID from name in processed_plant_data.csv,https://github.com/harshada-javeri/water-your-plant/blob/main/data/processed_plant_data.csv?plain=1
Purple spp.,genus-level or group-level,Purple Heart,indoor,65-85,65,85,Bright,moderate,Well-draining potting mix,6.0-7.0,6,7,Derived genus-level ID from name in processed_plant_data.csv | https://github.com/harshada-javeri/water-your-plant/blob/main/data/processed_plant_data.csv?plain=1,processed_plant_data.csv | https://github.com/harshada-javeri/water-your-plant/blob/main/data/processed_plant_data.csv?plain=1,General home-garden pH range | https://www.mahagro.com/blogs/articles/soil-ph-levels-for-plants,,Derived genus-level ID from name in processed_plant_data.csv,https://github.com/harshada-javeri/water-your-plant/blob/main/data/processed_plant_data.csv?plain=1
Cactaceae spp.,genus-level or group-level,Cactus,indoor,65-95,65,95,Bright,rare,Cactus/succulent mix,4.5-6.0,4.5,6,Derived genus/species from name in processed_plant_data.csv | https://github.com/harshada-javeri/water-your-plant/blob/main/data/processed_plant_data.csv?plain=1,processed_plant_data.csv | https://github.com/harshada-javeri/water-your-plant/blob/main/data/processed_plant_data.csv?plain=1,UConn plant pH preferences | https://soiltesting.cahnr.uconn.edu/plant-ph-preferences/,,Derived genus/species from name in processed_plant_data.csv,https://github.com/harshada-javeri/water-your-plant/blob/main/data/processed_plant_data.csv?plain=1
Succulent mix (multiple genera),genus-level or group-level,Succulents,indoor,65-90,65,90,Bright,rare,Cactus/succulent mix,5.0-6.5,5,6.5,Derived genus/species from name in processed_plant_data.csv | https://github.com/harshada-javeri/water-your-plant/blob/main/data/processed_plant_data.csv?plain=1,processed_plant_data.csv | https://github.com/harshada-javeri/water-your-plant/blob/main/data/processed_plant_data.csv?plain=1,UConn plant pH preferences | https://soiltesting.cahnr.uconn.edu/plant-ph-preferences/,,Derived genus/species from name in processed_plant_data.csv,https://github.com/harshada-javeri/water-your-plant/blob/main/data/processed_plant_data.csv?plain=1
Phalaenopsis spp.,genus-level or group-level,Phalaenopsis Orchid,indoor,65-85,65,85,Medium,moderate,Orchid bark or sphagnum moss,4.5-5.5,4.5,5.5,Derived genus/species from name in processed_plant_data.csv | https://github.com/harshada-javeri/water-your-plant/blob/main/data/processed_plant_data.csv?plain=1,processed_plant_data.csv | https://github.com/harshada-javeri/water-your-plant/blob/main/data/processed_plant_data.csv?plain=1,UConn plant pH preferences | https://soiltesting.cahnr.uconn.edu/plant-ph-preferences/,,Derived genus/species from name in processed_plant_data.csv,https://github.com/harshada-javeri/water-your-plant/blob/main/data/processed_plant_data.csv?plain=1
Dendrobium spp.,genus-level or group-level,Dendrobium Orchid,indoor,65-85,65,85,Bright,frequent,Orchid bark,4.5-5.5,4.5,5.5,Derived genus/species from name in processed_plant_data.csv | https://github.com/harshada-javeri/water-your-plant/blob/main/data/processed_plant_data.csv?plain=1,processed_plant_data.csv | https://github.com/harshada-javeri/water-your-plant/blob/main/data/processed_plant_data.csv?plain=1,UConn plant pH preferences | https://soiltesting.cahnr.uconn.edu/plant-ph-preferences/,,Derived genus/species from name in processed_plant_data.csv,https://github.com/harshada-javeri/water-your-plant/blob/main/data/processed_plant_data.csv?plain=1
Vanda spp.,genus-level or group-level,Vanda Orchid,indoor,70-95,70,95,Bright,very frequent,N/A (hydroponic/air plant),4.5-5.5,4.5,5.5,Derived genus/species from name in processed_plant_data.csv | https://github.com/harshada-javeri/water-your-plant/blob/main/data/processed_plant_data.csv?plain=1,processed_plant_data.csv | https://github.com/harshada-javeri/water-your-plant/blob/main/data/processed_plant_data.csv?plain=1,UConn plant pH preferences | https://soiltesting.cahnr.uconn.edu/plant-ph-preferences/,,Derived genus/species from name in processed_plant_data.csv,https://github.com/harshada-javeri/water-your-plant/blob/main/data/processed_plant_data.csv?plain=1
Bromeliaceae spp.,genus-level or group-level,Bromeliads,indoor,65-80,65,80,Medium,moderate,Well-draining mix,5.0-7.5,5,7.5,Derived genus/species from name in processed_plant_data.csv | https://github.com/harshada-javeri/water-your-plant/blob/main/data/processed_plant_data.csv?plain=1,processed_plant_data.csv | https://github.com/harshada-javeri/water-your-plant/blob/main/data/processed_plant_data.csv?plain=1,UConn plant pH preferences | https://soiltesting.cahnr.uconn.edu/plant-ph-preferences/,,Derived genus/species from name in processed_plant_data.csv,https://github.com/harshada-javeri/water-your-plant/blob/main/data/processed_plant_data.csv?plain=1
Mini spp.,genus-level or group-level,Mini Rose,indoor,65-75,65,75,Bright,very frequent,Standard potting mix,6.0-7.0,6,7,Derived genus-level ID from name in processed_plant_data.csv | https://github.com/harshada-javeri/water-your-plant/blob/main/data/processed_plant_data.csv?plain=1,processed_plant_data.csv | https://github.com/harshada-javeri/water-your-plant/blob/main/data/processed_plant_data.csv?plain=1,General home-garden pH range | https://www.mahagro.com/blogs/articles/soil-ph-levels-for-plants,,Derived genus-level ID from name in processed_plant_data.csv,https://github.com/harshada-javeri/water-your-plant/blob/main/data/processed_plant_data.csv?plain=1
Geranium spp.,genus-level or group-level,Geranium,indoor,65-75,65,75,Bright,frequent,Well-draining potting mix,6.0-8.0,6,8,Derived genus-level ID from name in processed_plant_data.csv | https://github.com/harshada-javeri/water-your-plant/blob/main/data/processed_plant_data.csv?plain=1,processed_plant_data.csv | https://github.com/harshada-javeri/water-your-plant/blob/main/data/processed_plant_data.csv?plain=1,UConn plant pH preferences | https://soiltesting.cahnr.uconn.edu/plant-ph-preferences/,,Derived genus-level ID from name in processed_plant_data.csv,https://github.com/harshada-javeri/water-your-plant/blob/main/data/processed_plant_data.csv?plain=1
Hedera helix,exact or cultivar-level,English Ivy,indoor,65-75,65,75,Low,frequent,Well-draining potting mix,5.0-7.5,5,7.5,Derived genus/species from name in processed_plant_data.csv | https://github.com/harshada-javeri/water-your-plant/blob/main/data/processed_plant_data.csv?plain=1,processed_plant_data.csv | https://github.com/harshada-javeri/water-your-plant/blob/main/data/processed_plant_data.csv?plain=1,UConn plant pH preferences | https://soiltesting.cahnr.uconn.edu/plant-ph-preferences/,,Derived genus/species from name in processed_plant_data.csv,https://github.com/harshada-javeri/water-your-plant/blob/main/data/processed_plant_data.csv?plain=1
Creeping spp.,genus-level or group-level,Creeping Fig,indoor,65-75,65,75,Bright,very frequent,"Rich, well-draining soil",5.0-6.0,5,6,Derived genus-level ID from name in processed_plant_data.csv | https://github.com/harshada-javeri/water-your-plant/blob/main/data/processed_plant_data.csv?plain=1,processed_plant_data.csv | https://github.com/harshada-javeri/water-your-plant/blob/main/data/processed_plant_data.csv?plain=1,UConn plant pH preferences | https://soiltesting.cahnr.uconn.edu/plant-ph-preferences/,,Derived genus-level ID from name in processed_plant_data.csv,https://github.com/harshada-javeri/water-your-plant/blob/main/data/processed_plant_data.csv?plain=1
Crassula Ovata,exact or cultivar-level,Money Tree,indoor,65-75,65,75,Bright,moderate,Well-draining potting mix,6.0-7.0,6,7,ispeakplantish common-houseplants-data.csv | https://raw.githubusercontent.com/anjelicasilva/ispeakplantish/master/seed_data/common-houseplants-data.csv,processed_plant_data.csv | https://github.com/harshada-javeri/water-your-plant/blob/main/data/processed_plant_data.csv?plain=1,General home-garden pH range | https://www.mahagro.com/blogs/articles/soil-ph-levels-for-plants,,ispeakplantish common-houseplants-data.csv,https://raw.githubusercontent.com/anjelicasilva/ispeakplantish/master/seed_data/common-houseplants-data.csv
Araucaria Heterophylla,exact or cultivar-level,Norfolk Island Pine,indoor,65-75,65,75,Bright,frequent,Peat-based potting mix,6.0-7.0,6,7,ispeakplantish common-houseplants-data.csv | https://raw.githubusercontent.com/anjelicasilva/ispeakplantish/master/seed_data/common-houseplants-data.csv,processed_plant_data.csv | https://github.com/harshada-javeri/water-your-plant/blob/main/data/processed_plant_data.csv?plain=1,General home-garden pH range | https://www.mahagro.com/blogs/articles/soil-ph-levels-for-plants,,ispeakplantish common-houseplants-data.csv,https://raw.githubusercontent.com/anjelicasilva/ispeakplantish/master/seed_data/common-houseplants-data.csv
Ixora spp.,genus-level or group-level,Dwarf Ixora,indoor,65-90,65,90,Bright,frequent,"Well-draining, acidic soil",6.0-7.0,6,7,Derived genus/species from name in processed_plant_data.csv | https://github.com/harshada-javeri/water-your-plant/blob/main/data/processed_plant_data.csv?plain=1,processed_plant_data.csv | https://github.com/harshada-javeri/water-your-plant/blob/main/data/processed_plant_data.csv?plain=1,General home-garden pH range | https://www.mahagro.com/blogs/articles/soil-ph-levels-for-plants,,Derived genus/species from name in processed_plant_data.csv,https://github.com/harshada-javeri/water-your-plant/blob/main/data/processed_plant_data.csv?plain=1
Ficus benjamina,exact or cultivar-level,Bonsai Ficus,indoor,65-80,65,80,Bright,very frequent,Bonsai soil mix,6.0-7.0,6,7,Plant_App indoor_plants.csv | https://github.com/adhamera/Plant_App/blob/main/data/indoor_plants.csv?plain=1,processed_plant_data.csv | https://github.com/harshada-javeri/water-your-plant/blob/main/data/processed_plant_data.csv?plain=1,General home-garden pH range | https://www.mahagro.com/blogs/articles/soil-ph-levels-for-plants,,Plant_App indoor_plants.csv,https://github.com/adhamera/Plant_App/blob/main/data/indoor_plants.csv?plain=1
Schefflera arboricola,exact or cultivar-level,Bonsai Schefflera,indoor,65-75,65,75,Bright,frequent,Bonsai soil mix,6.0-7.0,6,7,Plant_App indoor_plants.csv | https://github.com/adhamera/Plant_App/blob/main/data/indoor_plants.csv?plain=1,processed_plant_data.csv | https://github.com/harshada-javeri/water-your-plant/blob/main/data/processed_plant_data.csv?plain=1,General home-garden pH range | https://www.mahagro.com/blogs/articles/soil-ph-levels-for-plants,,Plant_App indoor_plants.csv,https://github.com/adhamera/Plant_App/blob/main/data/indoor_plants.csv?plain=1
Crassula ovata,exact or cultivar-level,Bonsai Jade,indoor,65-75,65,75,Bright,rare,Cactus/succulent mix,6.0-7.0,6,7,Plant_App indoor_plants.csv | https://github.com/adhamera/Plant_App/blob/main/data/indoor_plants.csv?plain=1,processed_plant_data.csv | https://github.com/harshada-javeri/water-your-plant/blob/main/data/processed_plant_data.csv?plain=1,General home-garden pH range | https://www.mahagro.com/blogs/articles/soil-ph-levels-for-plants,,Plant_App indoor_plants.csv,https://github.com/adhamera/Plant_App/blob/main/data/indoor_plants.csv?plain=1
Yucca spp.,genus-level or group-level,Yucca,indoor,65-85,65,85,Bright,rare,Cactus/succulent mix,6.0-7.5,6,7.5,Derived genus-level ID from name in processed_plant_data.csv | https://github.com/harshada-javeri/water-your-plant/blob/main/data/processed_plant_data.csv?plain=1,processed_plant_data.csv | https://github.com/harshada-javeri/water-your-plant/blob/main/data/processed_plant_data.csv?plain=1,UConn plant pH preferences | https://soiltesting.cahnr.uconn.edu/plant-ph-preferences/,,Derived genus-level ID from name in processed_plant_data.csv,https://github.com/harshada-javeri/water-your-plant/blob/main/data/processed_plant_data.csv?plain=1
Haworthiopsis spp.,genus-level or group-level,Haworthia,indoor,65-85,65,85,Bright,rare,Cactus/succulent mix,5.0-6.5,5,6.5,Derived genus/species from name in processed_plant_data.csv | https://github.com/harshada-javeri/water-your-plant/blob/main/data/processed_plant_data.csv?plain=1,processed_plant_data.csv | https://github.com/harshada-javeri/water-your-plant/blob/main/data/processed_plant_data.csv?plain=1,UConn plant pH preferences (succulents) | https://soiltesting.cahnr.uconn.edu/plant-ph-preferences/,,Derived genus/species from name in processed_plant_data.csv,https://github.com/harshada-javeri/water-your-plant/blob/main/data/processed_plant_data.csv?plain=1
Echeveria spp.,genus-level or group-level,Echeveria,indoor,65-80,65,80,Bright,rare,Cactus/succulent mix,5.0-6.5,5,6.5,Derived genus/species from name in processed_plant_data.csv | https://github.com/harshada-javeri/water-your-plant/blob/main/data/processed_plant_data.csv?plain=1,processed_plant_data.csv | https://github.com/harshada-javeri/water-your-plant/blob/main/data/processed_plant_data.csv?plain=1,UConn plant pH preferences (succulents) | https://soiltesting.cahnr.uconn.edu/plant-ph-preferences/,,Derived genus/species from name in processed_plant_data.csv,https://github.com/harshada-javeri/water-your-plant/blob/main/data/processed_plant_data.csv?plain=1
Peperomia Obtusifolia Golden Gate,exact or cultivar-level,Peperomia Obtusifolia,indoor,65-75,65,75,Medium,frequent,Peat-based potting mix,5.0-6.0,5,6,ispeakplantish common-houseplants-data.csv | https://raw.githubusercontent.com/anjelicasilva/ispeakplantish/master/seed_data/common-houseplants-data.csv,processed_plant_data.csv | https://github.com/harshada-javeri/water-your-plant/blob/main/data/processed_plant_data.csv?plain=1,UConn plant pH preferences | https://soiltesting.cahnr.uconn.edu/plant-ph-preferences/,,ispeakplantish common-houseplants-data.csv,https://raw.githubusercontent.com/anjelicasilva/ispeakplantish/master/seed_data/common-houseplants-data.csv
Peperomia spp.,genus-level or group-level,Peperomia Rosso,indoor,65-75,65,75,Medium,frequent,Peat-based potting mix,5.0-6.0,5,6,Derived genus-level ID from name in processed_plant_data.csv | https://github.com/harshada-javeri/water-your-plant/blob/main/data/processed_plant_data.csv?plain=1,processed_plant_data.csv | https://github.com/harshada-javeri/water-your-plant/blob/main/data/processed_plant_data.csv?plain=1,UConn plant pH preferences | https://soiltesting.cahnr.uconn.edu/plant-ph-preferences/,,Derived genus-level ID from name in processed_plant_data.csv,https://github.com/harshada-javeri/water-your-plant/blob/main/data/processed_plant_data.csv?plain=1
Aeschynanthus Marmoratus,exact or cultivar-level,Lipstick Plant,indoor,65-80,65,80,Bright,frequent,Peat-based mix,6.0-7.0,6,7,ispeakplantish common-houseplants-data.csv | https://raw.githubusercontent.com/anjelicasilva/ispeakplantish/master/seed_data/common-houseplants-data.csv,processed_plant_data.csv | https://github.com/harshada-javeri/water-your-plant/blob/main/data/processed_plant_data.csv?plain=1,General home-garden pH range | https://www.mahagro.com/blogs/articles/soil-ph-levels-for-plants,,ispeakplantish common-houseplants-data.csv,https://raw.githubusercontent.com/anjelicasilva/ispeakplantish/master/seed_data/common-houseplants-data.csv
Hoya carnosa,exact or cultivar-level,Hoya,indoor,65-75,65,75,Medium,rare,Well-draining potting mix,5.0-6.5,5,6.5,Derived genus/species from name in processed_plant_data.csv | https://github.com/harshada-javeri/water-your-plant/blob/main/data/processed_plant_data.csv?plain=1,processed_plant_data.csv | https://github.com/harshada-javeri/water-your-plant/blob/main/data/processed_plant_data.csv?plain=1,UConn plant pH preferences | https://soiltesting.cahnr.uconn.edu/plant-ph-preferences/,,Derived genus/species from name in processed_plant_data.csv,https://github.com/harshada-javeri/water-your-plant/blob/main/data/processed_plant_data.csv?plain=1
Rhipsalis spp.,genus-level or group-level,Rhipsalis,indoor,65-75,65,75,Low,moderate,Cactus/succulent mix,5.0-6.5,5,6.5,Derived genus/species from name in processed_plant_data.csv | https://github.com/harshada-javeri/water-your-plant/blob/main/data/processed_plant_data.csv?plain=1,processed_plant_data.csv | https://github.com/harshada-javeri/water-your-plant/blob/main/data/processed_plant_data.csv?plain=1,UConn plant pH preferences (succulents) | https://soiltesting.cahnr.uconn.edu/plant-ph-preferences/,,Derived genus/species from name in processed_plant_data.csv,https://github.com/harshada-javeri/water-your-plant/blob/main/data/processed_plant_data.csv?plain=1
Senecio Herreianus,exact or cultivar-level,String of Pearls,indoor,65-75,65,75,Bright,rare,Cactus/succulent mix,6.0-7.5,6,7.5,ispeakplantish common-houseplants-data.csv | https://raw.githubusercontent.com/anjelicasilva/ispeakplantish/master/seed_data/common-houseplants-data.csv,processed_plant_data.csv | https://github.com/harshada-javeri/water-your-plant/blob/main/data/processed_plant_data.csv?plain=1,Algoplus plant pH preference list (Senecio) | https://www.algoplus.net/Downloads/PlantpHpreferencelist.pdf,,ispeakplantish common-houseplants-data.csv,https://raw.githubusercontent.com/anjelicasilva/ispeakplantish/master/seed_data/common-houseplants-data.csv
Ceropegia Woodii,exact or cultivar-level,String of Hearts,indoor,65-75,65,75,Bright,rare,Cactus/succulent mix,6.0-7.0,6,7,ispeakplantish common-houseplants-data.csv | https://raw.githubusercontent.com/anjelicasilva/ispeakplantish/master/seed_data/common-houseplants-data.csv,processed_plant_data.csv | https://github.com/harshada-javeri/water-your-plant/blob/main/data/processed_plant_data.csv?plain=1,General home-garden pH range | https://www.mahagro.com/blogs/articles/soil-ph-levels-for-plants,,ispeakplantish common-houseplants-data.csv,https://raw.githubusercontent.com/anjelicasilva/ispeakplantish/master/seed_data/common-houseplants-data.csv
Tillandsia usneoides,exact or cultivar-level,Tillandsia (Air Plant),indoor,65-90,65,90,Bright,frequent,N/A (air plant),5.0-7.5,5,7.5,Derived genus/species from name in processed_plant_data.csv | https://github.com/harshada-javeri/water-your-plant/blob/main/data/processed_plant_data.csv?plain=1,processed_plant_data.csv | https://github.com/harshada-javeri/water-your-plant/blob/main/data/processed_plant_data.csv?plain=1,UConn plant pH preferences (bromeliads) | https://soiltesting.cahnr.uconn.edu/plant-ph-preferences/,Soil type updated for air plant growth habit.,Derived genus/species from name in processed_plant_data.csv,https://github.com/harshada-javeri/water-your-plant/blob/main/data/processed_plant_data.csv?plain=1
Portulacaria afra,exact or cultivar-level,Elephant Bush,indoor,65-85,65,85,Bright,rare,Cactus/succulent mix,6.0-7.0,6,7,Derived genus/species from name in processed_plant_data.csv | https://github.com/harshada-javeri/water-your-plant/blob/main/data/processed_plant_data.csv?plain=1,processed_plant_data.csv | https://github.com/harshada-javeri/water-your-plant/blob/main/data/processed_plant_data.csv?plain=1,General home-garden pH range | https://www.mahagro.com/blogs/articles/soil-ph-levels-for-plants,,Derived genus/species from name in processed_plant_data.csv,https://github.com/harshada-javeri/water-your-plant/blob/main/data/processed_plant_data.csv?plain=1
Euphorbia spp.,genus-level or group-level,Euphorbia Milii,indoor,65-85,65,85,Bright,rare,Cactus/succulent mix,6.0-7.0,6,7,Derived genus-level ID from name in processed_plant_data.csv | https://github.com/harshada-javeri/water-your-plant/blob/main/data/processed_plant_data.csv?plain=1,processed_plant_data.csv | https://github.com/harshada-javeri/water-your-plant/blob/main/data/processed_plant_data.csv?plain=1,General home-garden pH range | https://www.mahagro.com/blogs/articles/soil-ph-levels-for-plants,,Derived genus-level ID from name in processed_plant_data.csv,https://github.com/harshada-javeri/water-your-plant/blob/main/data/processed_plant_data.csv?plain=1
Adenium obesum,exact or cultivar-level,Adenium,indoor,65-95,65,95,Bright,rare,Cactus/succulent mix,6.0-7.0,6,7,Derived genus/species from name in processed_plant_data.csv | https://github.com/harshada-javeri/water-your-plant/blob/main/data/processed_plant_data.csv?plain=1,processed_plant_data.csv | https://github.com/harshada-javeri/water-your-plant/blob/main/data/processed_plant_data.csv?plain=1,General home-garden pH range | https://www.mahagro.com/blogs/articles/soil-ph-levels-for-plants,,Derived genus/species from name in processed_plant_data.csv,https://github.com/harshada-javeri/water-your-plant/blob/main/data/processed_plant_data.csv?plain=1
Beaucarnea recurvata,exact or cultivar-level,Ponytail Palm,indoor,65-85,65,85,Bright,rare,Cactus/succulent mix,6.0-7.0,6,7,Derived genus/species from name in processed_plant_data.csv | https://github.com/harshada-javeri/water-your-plant/blob/main/data/processed_plant_data.csv?plain=1,processed_plant_data.csv | https://github.com/harshada-javeri/water-your-plant/blob/main/data/processed_plant_data.csv?plain=1,General home-garden pH range | https://www.mahagro.com/blogs/articles/soil-ph-levels-for-plants,,Derived genus/species from name in processed_plant_data.csv,https://github.com/harshada-javeri/water-your-plant/blob/main/data/processed_plant_data.csv?plain=1
Chrysanthemum spp.,genus-level or group-level,Chrysanthemum,indoor,65-75,65,75,Bright,very frequent,Standard potting mix,6.0-7.0,6,7,Derived genus-level ID from name in processed_plant_data.csv | https://github.com/harshada-javeri/water-your-plant/blob/main/data/processed_plant_data.csv?plain=1,processed_plant_data.csv | https://github.com/harshada-javeri/water-your-plant/blob/main/data/processed_plant_data.csv?plain=1,UConn plant pH preferences | https://soiltesting.cahnr.uconn.edu/plant-ph-preferences/,,Derived genus-level ID from name in processed_plant_data.csv,https://github.com/harshada-javeri/water-your-plant/blob/main/data/processed_plant_data.csv?plain=1
Amaryllis spp.,genus-level or group-level,Amaryllis,indoor,65-75,65,75,Bright,very frequent,Standard potting mix,5.5-6.5,5.5,6.5,Derived genus-level ID from name in processed_plant_data.csv | https://github.com/harshada-javeri/water-your-plant/blob/main/data/processed_plant_data.csv?plain=1,processed_plant_data.csv | https://github.com/harshada-javeri/water-your-plant/blob/main/data/processed_plant_data.csv?plain=1,UConn plant pH preferences | https://soiltesting.cahnr.uconn.edu/plant-ph-preferences/,,Derived genus-level ID from name in processed_plant_data.csv,https://github.com/harshada-javeri/water-your-plant/blob/main/data/processed_plant_data.csv?plain=1
Spathiphyllum wallisii,exact or cultivar-level,Spathiphyllum Domino,indoor,65-85,65,85,Low,frequent,Standard potting mix,6.0-7.0,6,7,Derived genus/species from name in processed_plant_data.csv | https://github.com/harshada-javeri/water-your-plant/blob/main/data/processed_plant_data.csv?plain=1,processed_plant_data.csv | https://github.com/harshada-javeri/water-your-plant/blob/main/data/processed_plant_data.csv?plain=1,General home-garden pH range | https://www.mahagro.com/blogs/articles/soil-ph-levels-for-plants,,Derived genus/species from name in processed_plant_data.csv,https://github.com/harshada-javeri/water-your-plant/blob/main/data/processed_plant_data.csv?plain=1
Sansevieria trifasciata,exact or cultivar-level,Snake Plant Laurentii,indoor,65-90,65,90,Medium,rare,Cactus/succulent mix,4.5-7.0,4.5,7,Plant_App indoor_plants.csv | https://github.com/adhamera/Plant_App/blob/main/data/indoor_plants.csv?plain=1,processed_plant_data.csv | https://github.com/harshada-javeri/water-your-plant/blob/main/data/processed_plant_data.csv?plain=1,UConn plant pH preferences | https://soiltesting.cahnr.uconn.edu/plant-ph-preferences/,,Plant_App indoor_plants.csv,https://github.com/adhamera/Plant_App/blob/main/data/indoor_plants.csv?plain=1
Snake spp.,genus-level or group-level,Snake Plant Cylindrica,indoor,65-90,65,90,Medium,rare,Cactus/succulent mix,4.5-7.0,4.5,7,Derived genus-level ID from name in processed_plant_data.csv | https://github.com/harshada-javeri/water-your-plant/blob/main/data/processed_plant_data.csv?plain=1,processed_plant_data.csv | https://github.com/harshada-javeri/water-your-plant/blob/main/data/processed_plant_data.csv?plain=1,UConn plant pH preferences | https://soiltesting.cahnr.uconn.edu/plant-ph-preferences/,,Derived genus-level ID from name in processed_plant_data.csv,https://github.com/harshada-javeri/water-your-plant/blob/main/data/processed_plant_data.csv?plain=1
Sansevieria trifasciata,exact or cultivar-level,Snake Plant Hahnii,indoor,65-90,65,90,Low,rare,Cactus/succulent mix,4.5-7.0,4.5,7,Plant_App indoor_plants.csv | https://github.com/adhamera/Plant_App/blob/main/data/indoor_plants.csv?plain=1,processed_plant_data.csv | https://github.com/harshada-javeri/water-your-plant/blob/main/data/processed_plant_data.csv?plain=1,UConn plant pH preferences | https://soiltesting.cahnr.uconn.edu/plant-ph-preferences/,,Plant_App indoor_plants.csv,https://github.com/adhamera/Plant_App/blob/main/data/indoor_plants.csv?plain=1
Dieffenbachia spp.,genus-level or group-level,Dieffenbachia Tropic Snow,indoor,65-80,65,80,Bright,frequent,"Rich, well-draining soil",5.0-6.0,5,6,Derived genus-level ID from name in processed_plant_data.csv | https://github.com/harshada-javeri/water-your-plant/blob/main/data/processed_plant_data.csv?plain=1,processed_plant_data.csv | https://github.com/harshada-javeri/water-your-plant/blob/main/data/processed_plant_data.csv?plain=1,UConn plant pH preferences | https://soiltesting.cahnr.uconn.edu/plant-ph-preferences/,,Derived genus-level ID from name in processed_plant_data.csv,https://github.com/harshada-javeri/water-your-plant/blob/main/data/processed_plant_data.csv?plain=1
Thaumatophyllum xanadu,exact or cultivar-level,Philodendron Xanadu,indoor,65-85,65,85,Bright,frequent,"Chunky, well-draining aroid mix",5.0-6.0,5,6,Derived genus/species from name in processed_plant_data.csv | https://github.com/harshada-javeri/water-your-plant/blob/main/data/processed_plant_data.csv?plain=1,processed_plant_data.csv | https://github.com/harshada-javeri/water-your-plant/blob/main/data/processed_plant_data.csv?plain=1,UConn plant pH preferences | https://soiltesting.cahnr.uconn.edu/plant-ph-preferences/,,Derived genus/species from name in processed_plant_data.csv,https://github.com/harshada-javeri/water-your-plant/blob/main/data/processed_plant_data.csv?plain=1
Philodendron 'Birkin',exact or cultivar-level,Philodendron Birkin,indoor,65-80,65,80,Medium,frequent,Well-draining potting mix,5.0-6.0,5,6,Derived genus/species from name in processed_plant_data.csv | https://github.com/harshada-javeri/water-your-plant/blob/main/data/processed_plant_data.csv?plain=1,processed_plant_data.csv | https://github.com/harshada-javeri/water-your-plant/blob/main/data/processed_plant_data.csv?plain=1,UConn plant pH preferences | https://soiltesting.cahnr.uconn.edu/plant-ph-preferences/,,Derived genus/species from name in processed_plant_data.csv,https://github.com/harshada-javeri/water-your-plant/blob/main/data/processed_plant_data.csv?plain=1
Alocasia × amazonica,exact or cultivar-level,Alocasia Polly,indoor,65-80,65,80,Bright,frequent,Well-draining potting mix,6.0-7.0,6,7,Derived genus/species from name in processed_plant_data.csv | https://github.com/harshada-javeri/water-your-plant/blob/main/data/processed_plant_data.csv?plain=1,processed_plant_data.csv | https://github.com/harshada-javeri/water-your-plant/blob/main/data/processed_plant_data.csv?plain=1,General home-garden pH range | https://www.mahagro.com/blogs/articles/soil-ph-levels-for-plants,,Derived genus/species from name in processed_plant_data.csv,https://github.com/harshada-javeri/water-your-plant/blob/main/data/processed_plant_data.csv?plain=1
Colocasia esculenta,exact or cultivar-level,Colocasia Black Magic,indoor,70-90,70,90,Bright,very frequent,"Rich, wet soil",5.5-6.5,5.5,6.5,Derived genus/species from name in processed_plant_data.csv | https://github.com/harshada-javeri/water-your-plant/blob/main/data/processed_plant_data.csv?plain=1,processed_plant_data.csv | https://github.com/harshada-javeri/water-your-plant/blob/main/data/processed_plant_data.csv?plain=1,General ornamental soil pH range | https://www.mahagro.com/blogs/articles/soil-ph-levels-for-plants,,Derived genus/species from name in processed_plant_data.csv,https://github.com/harshada-javeri/water-your-plant/blob/main/data/processed_plant_data.csv?plain=1
Aglaonema spp.,genus-level or group-level,Aglaonema Silver Bay,indoor,65-75,65,75,Low,moderate,Well-draining potting mix,5.0-6.0,5,6,Derived genus-level ID from name in processed_plant_data.csv | https://github.com/harshada-javeri/water-your-plant/blob/main/data/processed_plant_data.csv?plain=1,processed_plant_data.csv | https://github.com/harshada-javeri/water-your-plant/blob/main/data/processed_plant_data.csv?plain=1,UConn plant pH preferences | https://soiltesting.cahnr.uconn.edu/plant-ph-preferences/,,Derived genus-level ID from name in processed_plant_data.csv,https://github.com/harshada-javeri/water-your-plant/blob/main/data/processed_plant_data.csv?plain=1
Aglaonema spp.,genus-level or group-level,Aglaonema Red Siam,indoor,65-75,65,75,Medium,moderate,Well-draining potting mix,5.0-6.0,5,6,Derived genus-level ID from name in processed_plant_data.csv | https://github.com/harshada-javeri/water-your-plant/blob/main/data/processed_plant_data.csv?plain=1,processed_plant_data.csv | https://github.com/harshada-javeri/water-your-plant/blob/main/data/processed_plant_data.csv?plain=1,UConn plant pH preferences | https://soiltesting.cahnr.uconn.edu/plant-ph-preferences/,,Derived genus-level ID from name in processed_plant_data.csv,https://github.com/harshada-javeri/water-your-plant/blob/main/data/processed_plant_data.csv?plain=1
Aglaonema spp.,genus-level or group-level,Aglaonema Cutlass,indoor,65-75,65,75,Low,moderate,Well-draining potting mix,5.0-6.0,5,6,Derived genus-level ID from name in processed_plant_data.csv | https://github.com/harshada-javeri/water-your-plant/blob/main/data/processed_plant_data.csv?plain=1,processed_plant_data.csv | https://github.com/harshada-javeri/water-your-plant/blob/main/data/processed_plant_data.csv?plain=1,UConn plant pH preferences | https://soiltesting.cahnr.uconn.edu/plant-ph-preferences/,,Derived genus-level ID from name in processed_plant_data.csv,https://github.com/harshada-javeri/water-your-plant/blob/main/data/processed_plant_data.csv?plain=1
Philodendron hederaceum var. hederaceum,exact or cultivar-level,Philodendron Micans,indoor,65-80,65,80,Medium,frequent,"Chunky, well-draining aroid mix",5.0-6.0,5,6,Derived genus/species from name in processed_plant_data.csv | https://github.com/harshada-javeri/water-your-plant/blob/main/data/processed_plant_data.csv?plain=1,processed_plant_data.csv | https://github.com/harshada-javeri/water-your-plant/blob/main/data/processed_plant_data.csv?plain=1,UConn plant pH preferences | https://soiltesting.cahnr.uconn.edu/plant-ph-preferences/,,Derived genus/species from name in processed_plant_data.csv,https://github.com/harshada-javeri/water-your-plant/blob/main/data/processed_plant_data.csv?plain=1
Philodendron gloriosum,exact or cultivar-level,Philodendron Gloriosum,indoor,65-80,65,80,Medium,frequent,"Chunky, well-draining aroid mix",5.0-6.0,5,6,Derived genus/species from name in processed_plant_data.csv | https://github.com/harshada-javeri/water-your-plant/blob/main/data/processed_plant_data.csv?plain=1,processed_plant_data.csv | https://github.com/harshada-javeri/water-your-plant/blob/main/data/processed_plant_data.csv?plain=1,UConn plant pH preferences | https://soiltesting.cahnr.uconn.edu/plant-ph-preferences/,,Derived genus/species from name in processed_plant_data.csv,https://github.com/harshada-javeri/water-your-plant/blob/main/data/processed_plant_data.csv?plain=1
Philodendron erubescens,exact or cultivar-level,Philodendron Pink Princess,indoor,65-80,65,80,Bright,frequent,Well-draining potting mix,5.0-6.0,5,6,Derived genus/species from name in processed_plant_data.csv | https://github.com/harshada-javeri/water-your-plant/blob/main/data/processed_plant_data.csv?plain=1,processed_plant_data.csv | https://github.com/harshada-javeri/water-your-plant/blob/main/data/processed_plant_data.csv?plain=1,UConn plant pH preferences | https://soiltesting.cahnr.uconn.edu/plant-ph-preferences/,,Derived genus/species from name in processed_plant_data.csv,https://github.com/harshada-javeri/water-your-plant/blob/main/data/processed_plant_data.csv?plain=1
Syngonium podophyllum,exact or cultivar-level,Syngonium Neon,indoor,65-85,65,85,Medium,frequent,Well-draining potting mix,5.0-6.5,5,6.5,Derived genus/species from name in processed_plant_data.csv | https://github.com/harshada-javeri/water-your-plant/blob/main/data/processed_plant_data.csv?plain=1,processed_plant_data.csv | https://github.com/harshada-javeri/water-your-plant/blob/main/data/processed_plant_data.csv?plain=1,UConn plant pH preferences | https://soiltesting.cahnr.uconn.edu/plant-ph-preferences/,,Derived genus/species from name in processed_plant_data.csv,https://github.com/harshada-javeri/water-your-plant/blob/main/data/processed_plant_data.csv?plain=1
Syngonium podophyllum,exact or cultivar-level,Syngonium Albo Variegata,indoor,65-85,65,85,Bright,frequent,Well-draining potting mix,5.0-6.5,5,6.5,Derived genus/species from name in processed_plant_data.csv | https://github.com/harshada-javeri/water-your-plant/blob/main/data/processed_plant_data.csv?plain=1,processed_plant_data.csv | https://github.com/harshada-javeri/water-your-plant/blob/main/data/processed_plant_data.csv?plain=1,UConn plant pH preferences | https://soiltesting.cahnr.uconn.edu/plant-ph-preferences/,,Derived genus/species from name in processed_plant_data.csv,https://github.com/harshada-javeri/water-your-plant/blob/main/data/processed_plant_data.csv?plain=1
Stromanthe Triostar,exact or cultivar-level,Stromanthe Triostar,indoor,65-75,65,75,Medium,frequent,Peat-based mix,5.0-6.0,5,6,ispeakplantish common-houseplants-data.csv | https://raw.githubusercontent.com/anjelicasilva/ispeakplantish/master/seed_data/common-houseplants-data.csv,processed_plant_data.csv | https://github.com/harshada-javeri/water-your-plant/blob/main/data/processed_plant_data.csv?plain=1,UConn plant pH preferences (Prayer Plant / Peacock group) | https://soiltesting.cahnr.uconn.edu/plant-ph-preferences/,,ispeakplantish common-houseplants-data.csv,https://raw.githubusercontent.com/anjelicasilva/ispeakplantish/master/seed_data/common-houseplants-data.csv
Ctenanthe setosa,exact or cultivar-level,Ctenanthe Setosa,indoor,65-75,65,75,Low,frequent,Peat-based potting mix,5.0-6.0,5,6,Derived genus/species from name in processed_plant_data.csv | https://github.com/harshada-javeri/water-your-plant/blob/main/data/processed_plant_data.csv?plain=1,processed_plant_data.csv | https://github.com/harshada-javeri/water-your-plant/blob/main/data/processed_plant_data.csv?plain=1,UConn plant pH preferences (Prayer Plant group) | https://soiltesting.cahnr.uconn.edu/plant-ph-preferences/,,Derived genus/species from name in processed_plant_data.csv,https://github.com/harshada-javeri/water-your-plant/blob/main/data/processed_plant_data.csv?plain=1
Calathea Orbifolia,exact or cultivar-level,Calathea Medallion,indoor,65-75,65,75,Medium,frequent,Peat-based mix,5.0-6.0,5,6,ispeakplantish common-houseplants-data.csv | https://raw.githubusercontent.com/anjelicasilva/ispeakplantish/master/seed_data/common-houseplants-data.csv,processed_plant_data.csv | https://github.com/harshada-javeri/water-your-plant/blob/main/data/processed_plant_data.csv?plain=1,UConn plant pH preferences (Peacock Plant) | https://soiltesting.cahnr.uconn.edu/plant-ph-preferences/,,ispeakplantish common-houseplants-data.csv,https://raw.githubusercontent.com/anjelicasilva/ispeakplantish/master/seed_data/common-houseplants-data.csv
Calathea Orbifolia,exact or cultivar-level,Calathea Makoyana,indoor,65-75,65,75,Medium,frequent,Peat-based mix,5.0-6.0,5,6,ispeakplantish common-houseplants-data.csv | https://raw.githubusercontent.com/anjelicasilva/ispeakplantish/master/seed_data/common-houseplants-data.csv,processed_plant_data.csv | https://github.com/harshada-javeri/water-your-plant/blob/main/data/processed_plant_data.csv?plain=1,UConn plant pH preferences (Peacock Plant) | https://soiltesting.cahnr.uconn.edu/plant-ph-preferences/,,ispeakplantish common-houseplants-data.csv,https://raw.githubusercontent.com/anjelicasilva/ispeakplantish/master/seed_data/common-houseplants-data.csv
Calathea Lancifolia,exact or cultivar-level,Calathea Lancifolia,indoor,65-75,65,75,Medium,frequent,Peat-based mix,4.5-5.5,4.5,5.5,ispeakplantish common-houseplants-data.csv | https://raw.githubusercontent.com/anjelicasilva/ispeakplantish/master/seed_data/common-houseplants-data.csv,processed_plant_data.csv | https://github.com/harshada-javeri/water-your-plant/blob/main/data/processed_plant_data.csv?plain=1,Algoplus plant pH preference list (Rattlesnake Plant) | https://www.algoplus.net/Downloads/PlantpHpreferencelist.pdf,,ispeakplantish common-houseplants-data.csv,https://raw.githubusercontent.com/anjelicasilva/ispeakplantish/master/seed_data/common-houseplants-data.csv
Anthurium andraeanum,exact or cultivar-level,Anthurium Crystallinum,indoor,65-80,65,80,Bright,frequent,"Coarse, well-draining aroid mix",5.5-6.5,5.5,6.5,Plant_App indoor_plants.csv | https://github.com/adhamera/Plant_App/blob/main/data/indoor_plants.csv?plain=1,processed_plant_data.csv | https://github.com/harshada-javeri/water-your-plant/blob/main/data/processed_plant_data.csv?plain=1,General tropical aroid range | https://www.mahagro.com/blogs/articles/soil-ph-levels-for-plants,,Plant_App indoor_plants.csv,https://github.com/adhamera/Plant_App/blob/main/data/indoor_plants.csv?plain=1
Anthurium clarinervium,exact or cultivar-level,Anthurium Clarinervium,indoor,65-80,65,80,Bright,frequent,"Coarse, well-draining aroid mix",5.5-6.5,5.5,6.5,Derived genus/species from name in processed_plant_data.csv | https://github.com/harshada-javeri/water-your-plant/blob/main/data/processed_plant_data.csv?plain=1,processed_plant_data.csv | https://github.com/harshada-javeri/water-your-plant/blob/main/data/processed_plant_data.csv?plain=1,General tropical aroid range | https://www.mahagro.com/blogs/articles/soil-ph-levels-for-plants,,Derived genus/species from name in processed_plant_data.csv,https://github.com/harshada-javeri/water-your-plant/blob/main/data/processed_plant_data.csv?plain=1
Aspidistra elatior,exact or cultivar-level,Aspidistra (Cast Iron Plant),indoor,55-85,55,85,Low,moderate,Standard potting mix,4.0-5.5,4,5.5,Derived genus/species from name in processed_plant_data.csv | https://github.com/harshada-javeri/water-your-plant/blob/main/data/processed_plant_data.csv?plain=1,processed_plant_data.csv | https://github.com/harshada-javeri/water-your-plant/blob/main/data/processed_plant_data.csv?plain=1,UConn plant pH preferences | https://soiltesting.cahnr.uconn.edu/plant-ph-preferences/,,Derived genus/species from name in processed_plant_data.csv,https://github.com/harshada-javeri/water-your-plant/blob/main/data/processed_plant_data.csv?plain=1
Clivia miniata,exact or cultivar-level,Clivia Miniata,indoor,60-75,60,75,Medium,moderate,Well-draining potting mix,5.5-6.5,5.5,6.5,Derived genus/species from name in processed_plant_data.csv | https://github.com/harshada-javeri/water-your-plant/blob/main/data/processed_plant_data.csv?plain=1,processed_plant_data.csv | https://github.com/harshada-javeri/water-your-plant/blob/main/data/processed_plant_data.csv?plain=1,UConn plant pH preferences | https://soiltesting.cahnr.uconn.edu/plant-ph-preferences/,,Derived genus/species from name in processed_plant_data.csv,https://github.com/harshada-javeri/water-your-plant/blob/main/data/processed_plant_data.csv?plain=1
Dracaena fragrans,exact or cultivar-level,Dracaena Compacta,indoor,65-85,65,85,Low,moderate,Well-draining potting mix,5.0-6.0,5,6,Derived genus/species from name in processed_plant_data.csv | https://github.com/harshada-javeri/water-your-plant/blob/main/data/processed_plant_data.csv?plain=1,processed_plant_data.csv | https://github.com/harshada-javeri/water-your-plant/blob/main/data/processed_plant_data.csv?plain=1,UConn plant pH preferences | https://soiltesting.cahnr.uconn.edu/plant-ph-preferences/,,Derived genus/species from name in processed_plant_data.csv,https://github.com/harshada-javeri/water-your-plant/blob/main/data/processed_plant_data.csv?plain=1
Dracaena 'Lemon and Lime',exact or cultivar-level,Dracaena Lemon Lime,indoor,65-85,65,85,Medium,moderate,Well-draining potting mix,5.0-6.0,5,6,ispeakplantish common-houseplants-data.csv | https://raw.githubusercontent.com/anjelicasilva/ispeakplantish/master/seed_data/common-houseplants-data.csv,processed_plant_data.csv | https://github.com/harshada-javeri/water-your-plant/blob/main/data/processed_plant_data.csv?plain=1,UConn plant pH preferences | https://soiltesting.cahnr.uconn.edu/plant-ph-preferences/,,ispeakplantish common-houseplants-data.csv,https://raw.githubusercontent.com/anjelicasilva/ispeakplantish/master/seed_data/common-houseplants-data.csv
Dracaena fragrans,exact or cultivar-level,Dracaena Warneckii,indoor,65-85,65,85,Medium,moderate,Well-draining potting mix,5.0-6.0,5,6,Derived genus/species from name in processed_plant_data.csv | https://github.com/harshada-javeri/water-your-plant/blob/main/data/processed_plant_data.csv?plain=1,processed_plant_data.csv | https://github.com/harshada-javeri/water-your-plant/blob/main/data/processed_plant_data.csv?plain=1,UConn plant pH preferences | https://soiltesting.cahnr.uconn.edu/plant-ph-preferences/,,Derived genus/species from name in processed_plant_data.csv,https://github.com/harshada-javeri/water-your-plant/blob/main/data/processed_plant_data.csv?plain=1
Ficus Cyathistipula,source-backed exact/cultivar-level,African Fig Tree,indoor,65-85,65,85,Bright,moderate,Well-draining potting mix,5.0-6.0,5,6,ispeakplantish common-houseplants-data.csv | https://raw.githubusercontent.com/anjelicasilva/ispeakplantish/master/seed_data/common-houseplants-data.csv,processed_plant_data.csv | https://github.com/harshada-javeri/water-your-plant/blob/main/data/processed_plant_data.csv?plain=1,UConn plant pH preferences | https://soiltesting.cahnr.uconn.edu/plant-ph-preferences/,Added from online indoor-plant source. This source provided plant identity and light level; other care fields were not available in that source. Filled from similar Ficus care profile.,ispeakplantish common-houseplants-data.csv,https://raw.githubusercontent.com/anjelicasilva/ispeakplantish/master/seed_data/common-houseplants-data.csv
Peperomia Obtusifolia Golden Gate,source-backed exact/cultivar-level,Baby Rubber Plant,indoor,65-75,65,75,Medium,frequent,Peat-based potting mix,5.0-6.0,5,6,ispeakplantish common-houseplants-data.csv | https://raw.githubusercontent.com/anjelicasilva/ispeakplantish/master/seed_data/common-houseplants-data.csv,processed_plant_data.csv | https://github.com/harshada-javeri/water-your-plant/blob/main/data/processed_plant_data.csv?plain=1,UConn plant pH preferences | https://soiltesting.cahnr.uconn.edu/plant-ph-preferences/,Added from online indoor-plant source. This source provided plant identity and light level; other care fields were not available in that source. Filled from same-species Peperomia profile already in workbook.,ispeakplantish common-houseplants-data.csv,https://raw.githubusercontent.com/anjelicasilva/ispeakplantish/master/seed_data/common-houseplants-data.csv
Ficus Benghalensis,source-backed exact/cultivar-level,Bengal Fig,indoor,65-85,65,85,Bright,moderate,Well-draining potting mix,5.0-6.0,5,6,ispeakplantish common-houseplants-data.csv | https://raw.githubusercontent.com/anjelicasilva/ispeakplantish/master/seed_data/common-houseplants-data.csv,processed_plant_data.csv | https://github.com/harshada-javeri/water-your-plant/blob/main/data/processed_plant_data.csv?plain=1,UConn plant pH preferences | https://soiltesting.cahnr.uconn.edu/plant-ph-preferences/,Added from online indoor-plant source. This source provided plant identity and light level; other care fields were not available in that source. Filled from similar Ficus care profile.,ispeakplantish common-houseplants-data.csv,https://raw.githubusercontent.com/anjelicasilva/ispeakplantish/master/seed_data/common-houseplants-data.csv
Strelitzia Reginae,source-backed exact/cultivar-level,Bird of Paradise,indoor,65-85,65,85,Bright,moderate,Well-draining potting mix,5.5-7.0,5.5,7,ispeakplantish common-houseplants-data.csv | https://raw.githubusercontent.com/anjelicasilva/ispeakplantish/master/seed_data/common-houseplants-data.csv,Indoor plants dataset (biologiste95 plant-dataset) | https://github.com/biologiste95/plant-dataset/tree/plantDataSet,General home-garden pH range | https://www.mahagro.com/blogs/articles/soil-ph-levels-for-plants,Added from online indoor-plant source. This source provided plant identity and light level; other care fields were not available in that source. Filled from generalized tropical flowering houseplant profile.,ispeakplantish common-houseplants-data.csv,https://raw.githubusercontent.com/anjelicasilva/ispeakplantish/master/seed_data/common-houseplants-data.csv
Zamioculcas Zamiifolia 'Raven',source-backed exact/cultivar-level,Black ZZ Plant,indoor,65-90,65,90,Medium,rare,Cactus/succulent mix,6.0-7.0,6,7,ispeakplantish common-houseplants-data.csv | https://raw.githubusercontent.com/anjelicasilva/ispeakplantish/master/seed_data/common-houseplants-data.csv,processed_plant_data.csv | https://github.com/harshada-javeri/water-your-plant/blob/main/data/processed_plant_data.csv?plain=1,General home-garden pH range | https://www.mahagro.com/blogs/articles/soil-ph-levels-for-plants,Added from online indoor-plant source. This source provided plant identity and light level; other care fields were not available in that source. Filled from same-genus ZZ plant profile.,ispeakplantish common-houseplants-data.csv,https://raw.githubusercontent.com/anjelicasilva/ispeakplantish/master/seed_data/common-houseplants-data.csv
Aechmea 'Blue Rain',source-backed exact/cultivar-level,Blue Rain Bromeliad,indoor,65-80,65,80,Medium,moderate,Bromeliad/orchid mix,5.0-6.0,5,6,ispeakplantish common-houseplants-data.csv | https://raw.githubusercontent.com/anjelicasilva/ispeakplantish/master/seed_data/common-houseplants-data.csv,Indoor plants dataset (biologiste95 plant-dataset) | https://github.com/biologiste95/plant-dataset/tree/plantDataSet,General home-garden pH range | https://www.mahagro.com/blogs/articles/soil-ph-levels-for-plants,Added from online indoor-plant source. This source provided plant identity and light level; other care fields were not available in that source. Filled from bromeliad indoor care profile.,ispeakplantish common-houseplants-data.csv,https://raw.githubusercontent.com/anjelicasilva/ispeakplantish/master/seed_data/common-houseplants-data.csv
Stromanthe Triostar,source-backed exact/cultivar-level,Calathea Triostar,indoor,65-75,65,75,Low,frequent,Peat-based mix,5.0-6.0,5,6,ispeakplantish common-houseplants-data.csv | https://raw.githubusercontent.com/anjelicasilva/ispeakplantish/master/seed_data/common-houseplants-data.csv,processed_plant_data.csv | https://github.com/harshada-javeri/water-your-plant/blob/main/data/processed_plant_data.csv?plain=1,UConn plant pH preferences (Prayer Plant / Peacock group) | https://soiltesting.cahnr.uconn.edu/plant-ph-preferences/,Added from online indoor-plant source. This source provided plant identity and light level; other care fields were not available in that source. Filled from same-species Stromanthe Triostar profile already in workbook.,ispeakplantish common-houseplants-data.csv,https://raw.githubusercontent.com/anjelicasilva/ispeakplantish/master/seed_data/common-houseplants-data.csv
Aspidistra Elatior,source-backed exact/cultivar-level,Cast Iron Plant,indoor,55-85,55,85,Bright,moderate,Standard potting mix,4.0-5.5,4,5.5,ispeakplantish common-houseplants-data.csv | https://raw.githubusercontent.com/anjelicasilva/ispeakplantish/master/seed_data/common-houseplants-data.csv,processed_plant_data.csv | https://github.com/harshada-javeri/water-your-plant/blob/main/data/processed_plant_data.csv?plain=1,UConn plant pH preferences | https://soiltesting.cahnr.uconn.edu/plant-ph-preferences/,Added from online indoor-plant source. This source provided plant identity and light level; other care fields were not available in that source. Filled from same-species Aspidistra profile already in workbook.,ispeakplantish common-houseplants-data.csv,https://raw.githubusercontent.com/anjelicasilva/ispeakplantish/master/seed_data/common-houseplants-data.csv
Ficus Microcarpa,source-backed exact/cultivar-level,Chinese Banyan,indoor,65-85,65,85,Bright,moderate,Well-draining potting mix,5.0-6.0,5,6,ispeakplantish common-houseplants-data.csv | https://raw.githubusercontent.com/anjelicasilva/ispeakplantish/master/seed_data/common-houseplants-data.csv,processed_plant_data.csv | https://github.com/harshada-javeri/water-your-plant/blob/main/data/processed_plant_data.csv?plain=1,UConn plant pH preferences | https://soiltesting.cahnr.uconn.edu/plant-ph-preferences/,Added from online indoor-plant source. This source provided plant identity and light level; other care fields were not available in that source. Filled from similar Ficus care profile.,ispeakplantish common-houseplants-data.csv,https://raw.githubusercontent.com/anjelicasilva/ispeakplantish/master/seed_data/common-houseplants-data.csv
Aglaonema Christine,source-backed exact/cultivar-level,Chinese Evergreen ‘Christine’,indoor,65-75,65,75,Low,moderate,Well-draining potting mix,5.0-6.0,5,6,ispeakplantish common-houseplants-data.csv | https://raw.githubusercontent.com/anjelicasilva/ispeakplantish/master/seed_data/common-houseplants-data.csv,processed_plant_data.csv | https://github.com/harshada-javeri/water-your-plant/blob/main/data/processed_plant_data.csv?plain=1,UConn plant pH preferences | https://soiltesting.cahnr.uconn.edu/plant-ph-preferences/,Added from online indoor-plant source. This source provided plant identity and light level; other care fields were not available in that source. Filled from similar Aglaonema profile.,ispeakplantish common-houseplants-data.csv,https://raw.githubusercontent.com/anjelicasilva/ispeakplantish/master/seed_data/common-houseplants-data.csv
Aglaonema Cutlass,source-backed exact/cultivar-level,Chinese Evergreen ‘Cutlass’,indoor,65-75,65,75,Low,moderate,Well-draining potting mix,5.0-6.0,5,6,ispeakplantish common-houseplants-data.csv | https://raw.githubusercontent.com/anjelicasilva/ispeakplantish/master/seed_data/common-houseplants-data.csv,processed_plant_data.csv | https://github.com/harshada-javeri/water-your-plant/blob/main/data/processed_plant_data.csv?plain=1,UConn plant pH preferences | https://soiltesting.cahnr.uconn.edu/plant-ph-preferences/,Added from online indoor-plant source. This source provided plant identity and light level; other care fields were not available in that source. Filled from same cultivar-type Aglaonema Cutlass profile.,ispeakplantish common-houseplants-data.csv,https://raw.githubusercontent.com/anjelicasilva/ispeakplantish/master/seed_data/common-houseplants-data.csv
Pilea Peperomiodes,source-backed exact/cultivar-level,Chinese Money Plant,indoor,60-80,60,80,Medium,moderate,Well-draining potting mix,6.0-7.0,6,7,ispeakplantish common-houseplants-data.csv | https://raw.githubusercontent.com/anjelicasilva/ispeakplantish/master/seed_data/common-houseplants-data.csv,Indoor plants dataset (biologiste95 plant-dataset) | https://github.com/biologiste95/plant-dataset/tree/plantDataSet,General home-garden pH range | https://www.mahagro.com/blogs/articles/soil-ph-levels-for-plants,Added from online indoor-plant source. This source provided plant identity and light level; other care fields were not available in that source. Filled from generalized Pilea/houseplant profile.,ispeakplantish common-houseplants-data.csv,https://raw.githubusercontent.com/anjelicasilva/ispeakplantish/master/seed_data/common-houseplants-data.csv
Dracaena Compacta,source-backed exact/cultivar-level,Compact Dragon Tree,indoor,65-85,65,85,Medium,moderate,Well-draining potting mix,5.0-6.0,5,6,ispeakplantish common-houseplants-data.csv | https://raw.githubusercontent.com/anjelicasilva/ispeakplantish/master/seed_data/common-houseplants-data.csv,processed_plant_data.csv | https://github.com/harshada-javeri/water-your-plant/blob/main/data/processed_plant_data.csv?plain=1,UConn plant pH preferences | https://soiltesting.cahnr.uconn.edu/plant-ph-preferences/,Added from online indoor-plant source. This source provided plant identity and light level; other care fields were not available in that source. Filled from same-type Dracaena compacta profile already in workbook.,ispeakplantish common-houseplants-data.csv,https://raw.githubusercontent.com/anjelicasilva/ispeakplantish/master/seed_data/common-houseplants-data.csv
Codiaeum 'Iceton',source-backed exact/cultivar-level,Croton Iceton,indoor,65-80,65,80,Bright,frequent,Well-draining potting mix,5.0-6.0,5,6,ispeakplantish common-houseplants-data.csv | https://raw.githubusercontent.com/anjelicasilva/ispeakplantish/master/seed_data/common-houseplants-data.csv,processed_plant_data.csv | https://github.com/harshada-javeri/water-your-plant/blob/main/data/processed_plant_data.csv?plain=1,UConn plant pH preferences | https://soiltesting.cahnr.uconn.edu/plant-ph-preferences/,Added from online indoor-plant source. This source provided plant identity and light level; other care fields were not available in that source. Filled from similar Croton profile.,ispeakplantish common-houseplants-data.csv,https://raw.githubusercontent.com/anjelicasilva/ispeakplantish/master/seed_data/common-houseplants-data.csv
Codiaeum Variegatum 'Petra',source-backed exact/cultivar-level,Croton Petra,indoor,65-80,65,80,Bright,frequent,Well-draining potting mix,5.0-6.0,5,6,ispeakplantish common-houseplants-data.csv | https://raw.githubusercontent.com/anjelicasilva/ispeakplantish/master/seed_data/common-houseplants-data.csv,processed_plant_data.csv | https://github.com/harshada-javeri/water-your-plant/blob/main/data/processed_plant_data.csv?plain=1,UConn plant pH preferences | https://soiltesting.cahnr.uconn.edu/plant-ph-preferences/,Added from online indoor-plant source. This source provided plant identity and light level; other care fields were not available in that source. Filled from same-genus Croton profile.,ispeakplantish common-houseplants-data.csv,https://raw.githubusercontent.com/anjelicasilva/ispeakplantish/master/seed_data/common-houseplants-data.csv
Epipremnum Aureum (Scindapsus Aureus),source-backed exact/cultivar-level,Devils Ivy,indoor,60-85,60,85,Medium,moderate,Standard potting mix,6.0-7.0,6,7,ispeakplantish common-houseplants-data.csv | https://raw.githubusercontent.com/anjelicasilva/ispeakplantish/master/seed_data/common-houseplants-data.csv,processed_plant_data.csv | https://github.com/harshada-javeri/water-your-plant/blob/main/data/processed_plant_data.csv?plain=1,General home-garden pH range | https://www.mahagro.com/blogs/articles/soil-ph-levels-for-plants,Added from online indoor-plant source. This source provided plant identity and light level; other care fields were not available in that source. Filled from same-species pothos/devil's ivy profile.,ispeakplantish common-houseplants-data.csv,https://raw.githubusercontent.com/anjelicasilva/ispeakplantish/master/seed_data/common-houseplants-data.csv
Dracaena Deremensis 'Janet Craig',source-backed exact/cultivar-level,Dragon Tree 'Janet Craig',indoor,65-85,65,85,Medium,moderate,Well-draining potting mix,5.0-6.0,5,6,ispeakplantish common-houseplants-data.csv | https://raw.githubusercontent.com/anjelicasilva/ispeakplantish/master/seed_data/common-houseplants-data.csv,processed_plant_data.csv | https://github.com/harshada-javeri/water-your-plant/blob/main/data/processed_plant_data.csv?plain=1,UConn plant pH preferences | https://soiltesting.cahnr.uconn.edu/plant-ph-preferences/,Added from online indoor-plant source. This source provided plant identity and light level; other care fields were not available in that source. Filled from same Dracaena fragrans group profile.,ispeakplantish common-houseplants-data.csv,https://raw.githubusercontent.com/anjelicasilva/ispeakplantish/master/seed_data/common-houseplants-data.csv
Dracaena 'Lemon and Lime',source-backed exact/cultivar-level,Dragon Tree 'Lemon and Lime',indoor,65-85,65,85,Medium,moderate,Well-draining potting mix,5.0-6.0,5,6,ispeakplantish common-houseplants-data.csv | https://raw.githubusercontent.com/anjelicasilva/ispeakplantish/master/seed_data/common-houseplants-data.csv,processed_plant_data.csv | https://github.com/harshada-javeri/water-your-plant/blob/main/data/processed_plant_data.csv?plain=1,UConn plant pH preferences | https://soiltesting.cahnr.uconn.edu/plant-ph-preferences/,Added from online indoor-plant source. This source provided plant identity and light level; other care fields were not available in that source. Filled from same Dracaena cultivar group profile.,ispeakplantish common-houseplants-data.csv,https://raw.githubusercontent.com/anjelicasilva/ispeakplantish/master/seed_data/common-houseplants-data.csv
Dracaena Deremensis Warneckii,source-backed exact/cultivar-level,Dragon Tree ‘Warneckii’,indoor,65-85,65,85,Medium,moderate,Well-draining potting mix,5.0-6.0,5,6,ispeakplantish common-houseplants-data.csv | https://raw.githubusercontent.com/anjelicasilva/ispeakplantish/master/seed_data/common-houseplants-data.csv,processed_plant_data.csv | https://github.com/harshada-javeri/water-your-plant/blob/main/data/processed_plant_data.csv?plain=1,UConn plant pH preferences | https://soiltesting.cahnr.uconn.edu/plant-ph-preferences/,Added from online indoor-plant source. This source provided plant identity and light level; other care fields were not available in that source. Filled from same Dracaena deremensis/ fragrans group profile.,ispeakplantish common-houseplants-data.csv,https://raw.githubusercontent.com/anjelicasilva/ispeakplantish/master/seed_data/common-houseplants-data.csv
Dieffenbachia,source-backed exact/cultivar-level,Dumb Cane,indoor,65-80,65,80,Medium,frequent,"Rich, well-draining soil",5.0-6.0,5,6,ispeakplantish common-houseplants-data.csv | https://raw.githubusercontent.com/anjelicasilva/ispeakplantish/master/seed_data/common-houseplants-data.csv,processed_plant_data.csv | https://github.com/harshada-javeri/water-your-plant/blob/main/data/processed_plant_data.csv?plain=1,UConn plant pH preferences | https://soiltesting.cahnr.uconn.edu/plant-ph-preferences/,Added from online indoor-plant source. This source provided plant identity and light level; other care fields were not available in that source. Filled from same-genus Dieffenbachia profile already in workbook.,ispeakplantish common-houseplants-data.csv,https://raw.githubusercontent.com/anjelicasilva/ispeakplantish/master/seed_data/common-houseplants-data.csv
Oxalis Triangularis Purpurea,source-backed exact/cultivar-level,False Shamrock,indoor,60-75,60,75,Medium,frequent,Standard potting mix,6.0-8.0,6,8,ispeakplantish common-houseplants-data.csv | https://raw.githubusercontent.com/anjelicasilva/ispeakplantish/master/seed_data/common-houseplants-data.csv,processed_plant_data.csv | https://github.com/harshada-javeri/water-your-plant/blob/main/data/processed_plant_data.csv?plain=1,UConn plant pH preferences | https://soiltesting.cahnr.uconn.edu/plant-ph-preferences/,Added from online indoor-plant source. This source provided plant identity and light level; other care fields were not available in that source. Filled from same-genus Oxalis profile.,ispeakplantish common-houseplants-data.csv,https://raw.githubusercontent.com/anjelicasilva/ispeakplantish/master/seed_data/common-houseplants-data.csv
Ficus Binnendijkii 'Amstel King',source-backed exact/cultivar-level,Fig Tree,indoor,65-85,65,85,Medium,moderate,Well-draining potting mix,5.0-6.0,5,6,ispeakplantish common-houseplants-data.csv | https://raw.githubusercontent.com/anjelicasilva/ispeakplantish/master/seed_data/common-houseplants-data.csv,processed_plant_data.csv | https://github.com/harshada-javeri/water-your-plant/blob/main/data/processed_plant_data.csv?plain=1,UConn plant pH preferences | https://soiltesting.cahnr.uconn.edu/plant-ph-preferences/,Added from online indoor-plant source. This source provided plant identity and light level; other care fields were not available in that source. Filled from similar Ficus care profile.,ispeakplantish common-houseplants-data.csv,https://raw.githubusercontent.com/anjelicasilva/ispeakplantish/master/seed_data/common-houseplants-data.csv
Epiphyllum Anguliger,source-backed exact/cultivar-level,Fishbone Cactus,indoor,60-80,60,80,Bright,moderate,Orchid/cactus mix,5.5-6.5,5.5,6.5,ispeakplantish common-houseplants-data.csv | https://raw.githubusercontent.com/anjelicasilva/ispeakplantish/master/seed_data/common-houseplants-data.csv,Indoor plants dataset (biologiste95 plant-dataset) | https://github.com/biologiste95/plant-dataset/tree/plantDataSet,General home-garden pH range | https://www.mahagro.com/blogs/articles/soil-ph-levels-for-plants,Added from online indoor-plant source. This source provided plant identity and light level; other care fields were not available in that source. Filled from epiphytic cactus profile.,ispeakplantish common-houseplants-data.csv,https://raw.githubusercontent.com/anjelicasilva/ispeakplantish/master/seed_data/common-houseplants-data.csv
Monstera Adansonii,source-backed exact/cultivar-level,Five Holes Plant,indoor,65-80,65,80,Bright,frequent,"Chunky, well-draining aroid mix",5.0-6.0,5,6,ispeakplantish common-houseplants-data.csv | https://raw.githubusercontent.com/anjelicasilva/ispeakplantish/master/seed_data/common-houseplants-data.csv,processed_plant_data.csv | https://github.com/harshada-javeri/water-your-plant/blob/main/data/processed_plant_data.csv?plain=1,UConn plant pH preferences | https://soiltesting.cahnr.uconn.edu/plant-ph-preferences/,Added from online indoor-plant source. This source provided plant identity and light level; other care fields were not available in that source. Filled from same-species Monstera adansonii profile already in workbook.,ispeakplantish common-houseplants-data.csv,https://raw.githubusercontent.com/anjelicasilva/ispeakplantish/master/seed_data/common-houseplants-data.csv
Gloriosa Rothschildiana,source-backed exact/cultivar-level,Flame Lily,indoor,65-80,65,80,Bright,moderate,Well-draining potting mix,5.5-6.5,5.5,6.5,ispeakplantish common-houseplants-data.csv | https://raw.githubusercontent.com/anjelicasilva/ispeakplantish/master/seed_data/common-houseplants-data.csv,Indoor plants dataset (biologiste95 plant-dataset) | https://github.com/biologiste95/plant-dataset/tree/plantDataSet,General home-garden pH range | https://www.mahagro.com/blogs/articles/soil-ph-levels-for-plants,Added from online indoor-plant source. This source provided plant identity and light level; other care fields were not available in that source. Filled from generalized tropical flowering vine profile.,ispeakplantish common-houseplants-data.csv,https://raw.githubusercontent.com/anjelicasilva/ispeakplantish/master/seed_data/common-houseplants-data.csv
Vriesia Gigantia 'Nova',source-backed exact/cultivar-level,Giant Vriesea,indoor,65-80,65,80,Bright,moderate,Bromeliad/orchid mix,5.0-6.0,5,6,ispeakplantish common-houseplants-data.csv | https://raw.githubusercontent.com/anjelicasilva/ispeakplantish/master/seed_data/common-houseplants-data.csv,Indoor plants dataset (biologiste95 plant-dataset) | https://github.com/biologiste95/plant-dataset/tree/plantDataSet,General home-garden pH range | https://www.mahagro.com/blogs/articles/soil-ph-levels-for-plants,Added from online indoor-plant source. This source provided plant identity and light level; other care fields were not available in that source. Filled from bromeliad indoor care profile.,ispeakplantish common-houseplants-data.csv,https://raw.githubusercontent.com/anjelicasilva/ispeakplantish/master/seed_data/common-houseplants-data.csv
Strelitzia Nicolai,source-backed exact/cultivar-level,Giant White Bird of Paradise,indoor,65-85,65,85,Bright,moderate,Well-draining potting mix,5.5-7.0,5.5,7,ispeakplantish common-houseplants-data.csv | https://raw.githubusercontent.com/anjelicasilva/ispeakplantish/master/seed_data/common-houseplants-data.csv,Indoor plants dataset (biologiste95 plant-dataset) | https://github.com/biologiste95/plant-dataset/tree/plantDataSet,General home-garden pH range | https://www.mahagro.com/blogs/articles/soil-ph-levels-for-plants,Added from online indoor-plant source. This source provided plant identity and light level; other care fields were not available in that source. Filled from generalized giant bird-of-paradise indoor profile.,ispeakplantish common-houseplants-data.csv,https://raw.githubusercontent.com/anjelicasilva/ispeakplantish/master/seed_data/common-houseplants-data.csv
Crassula 'Hummel's Sunset',source-backed exact/cultivar-level,Golden Jade Tree,indoor,65-75,65,75,Bright,rare,Cactus/succulent mix,6.0-7.0,6,7,ispeakplantish common-houseplants-data.csv | https://raw.githubusercontent.com/anjelicasilva/ispeakplantish/master/seed_data/common-houseplants-data.csv,processed_plant_data.csv | https://github.com/harshada-javeri/water-your-plant/blob/main/data/processed_plant_data.csv?plain=1,General home-garden pH range | https://www.mahagro.com/blogs/articles/soil-ph-levels-for-plants,Added from online indoor-plant source. This source provided plant identity and light level; other care fields were not available in that source. Filled from same-genus Crassula/jade profile.,ispeakplantish common-houseplants-data.csv,https://raw.githubusercontent.com/anjelicasilva/ispeakplantish/master/seed_data/common-houseplants-data.csv
Cissus Rhombifolia,source-backed exact/cultivar-level,Grape Ivy,indoor,60-80,60,80,Medium,moderate,Well-draining potting mix,6.0-7.0,6,7,ispeakplantish common-houseplants-data.csv | https://raw.githubusercontent.com/anjelicasilva/ispeakplantish/master/seed_data/common-houseplants-data.csv,Indoor plants dataset (biologiste95 plant-dataset) | https://github.com/biologiste95/plant-dataset/tree/plantDataSet,General home-garden pH range | https://www.mahagro.com/blogs/articles/soil-ph-levels-for-plants,Added from online indoor-plant source. This source provided plant identity and light level; other care fields were not available in that source. Filled from same-species Cissus rhombifolia houseplant profile.,ispeakplantish common-houseplants-data.csv,https://raw.githubusercontent.com/anjelicasilva/ispeakplantish/master/seed_data/common-houseplants-data.csv
Davallia Canariensis,source-backed exact/cultivar-level,Hare's Foot Fern,indoor,60-75,60,75,Medium,frequent,Peat-based potting mix,5.5-6.5,5.5,6.5,ispeakplantish common-houseplants-data.csv | https://raw.githubusercontent.com/anjelicasilva/ispeakplantish/master/seed_data/common-houseplants-data.csv,Indoor plants dataset (biologiste95 plant-dataset) | https://github.com/biologiste95/plant-dataset/tree/plantDataSet,General home-garden pH range | https://www.mahagro.com/blogs/articles/soil-ph-levels-for-plants,Added from online indoor-plant source. This source provided plant identity and light level; other care fields were not available in that source. Filled from rabbit's-foot/hare's-foot fern profile.,ispeakplantish common-houseplants-data.csv,https://raw.githubusercontent.com/anjelicasilva/ispeakplantish/master/seed_data/common-houseplants-data.csv
Maranta Leuconeura Erythrophylla,source-backed exact/cultivar-level,Herringbone Plant,indoor,65-80,65,80,Low,frequent,Peat-based potting mix,5.0-6.0,5,6,ispeakplantish common-houseplants-data.csv | https://raw.githubusercontent.com/anjelicasilva/ispeakplantish/master/seed_data/common-houseplants-data.csv,processed_plant_data.csv | https://github.com/harshada-javeri/water-your-plant/blob/main/data/processed_plant_data.csv?plain=1,UConn plant pH preferences | https://soiltesting.cahnr.uconn.edu/plant-ph-preferences/,Added from online indoor-plant source. This source provided plant identity and light level; other care fields were not available in that source. Filled from Maranta prayer-plant profile.,ispeakplantish common-houseplants-data.csv,https://raw.githubusercontent.com/anjelicasilva/ispeakplantish/master/seed_data/common-houseplants-data.csv
Crassula 'Horntree',source-backed exact/cultivar-level,Hobbit Jade,indoor,65-75,65,75,Bright,rare,Cactus/succulent mix,6.0-7.0,6,7,ispeakplantish common-houseplants-data.csv | https://raw.githubusercontent.com/anjelicasilva/ispeakplantish/master/seed_data/common-houseplants-data.csv,processed_plant_data.csv | https://github.com/harshada-javeri/water-your-plant/blob/main/data/processed_plant_data.csv?plain=1,General home-garden pH range | https://www.mahagro.com/blogs/articles/soil-ph-levels-for-plants,Added from online indoor-plant source. This source provided plant identity and light level; other care fields were not available in that source. Filled from same-genus Crassula/jade profile.,ispeakplantish common-houseplants-data.csv,https://raw.githubusercontent.com/anjelicasilva/ispeakplantish/master/seed_data/common-houseplants-data.csv
Araucaria Cunninghamii 'Bonsai',source-backed exact/cultivar-level,Hoop Pine,indoor,65-75,65,75,Bright,frequent,Peat-based potting mix,6.0-7.0,6,7,ispeakplantish common-houseplants-data.csv | https://raw.githubusercontent.com/anjelicasilva/ispeakplantish/master/seed_data/common-houseplants-data.csv,processed_plant_data.csv | https://github.com/harshada-javeri/water-your-plant/blob/main/data/processed_plant_data.csv?plain=1,General home-garden pH range | https://www.mahagro.com/blogs/articles/soil-ph-levels-for-plants,Added from online indoor-plant source. This source provided plant identity and light level; other care fields were not available in that source. Filled from same-genus Araucaria indoor conifer profile.,ispeakplantish common-houseplants-data.csv,https://raw.githubusercontent.com/anjelicasilva/ispeakplantish/master/seed_data/common-houseplants-data.csv
Ficus Nitida,source-backed exact/cultivar-level,Indian Laurel,indoor,65-85,65,85,Bright,moderate,Well-draining potting mix,5.0-6.0,5,6,ispeakplantish common-houseplants-data.csv | https://raw.githubusercontent.com/anjelicasilva/ispeakplantish/master/seed_data/common-houseplants-data.csv,processed_plant_data.csv | https://github.com/harshada-javeri/water-your-plant/blob/main/data/processed_plant_data.csv?plain=1,UConn plant pH preferences | https://soiltesting.cahnr.uconn.edu/plant-ph-preferences/,Added from online indoor-plant source. This source provided plant identity and light level; other care fields were not available in that source. Filled from similar Ficus care profile.,ispeakplantish common-houseplants-data.csv,https://raw.githubusercontent.com/anjelicasilva/ispeakplantish/master/seed_data/common-houseplants-data.csv
Microsorum Diversifolium,source-backed exact/cultivar-level,Kangaroo Fern,indoor,60-80,60,80,Medium,frequent,Peat-based mix,5.5-6.5,5.5,6.5,ispeakplantish common-houseplants-data.csv | https://raw.githubusercontent.com/anjelicasilva/ispeakplantish/master/seed_data/common-houseplants-data.csv,Indoor plants dataset (biologiste95 plant-dataset) | https://github.com/biologiste95/plant-dataset/tree/plantDataSet,General home-garden pH range | https://www.mahagro.com/blogs/articles/soil-ph-levels-for-plants,Added from online indoor-plant source. This source provided plant identity and light level; other care fields were not available in that source. Filled from generalized kangaroo fern profile.,ispeakplantish common-houseplants-data.csv,https://raw.githubusercontent.com/anjelicasilva/ispeakplantish/master/seed_data/common-houseplants-data.csv
Howea Forsteriana,source-backed exact/cultivar-level,Kentia Palm,indoor,60-80,60,80,Low,moderate,Well-draining potting mix,6.0-7.0,6,7,ispeakplantish common-houseplants-data.csv | https://raw.githubusercontent.com/anjelicasilva/ispeakplantish/master/seed_data/common-houseplants-data.csv,Indoor plants dataset (biologiste95 plant-dataset) | https://github.com/biologiste95/plant-dataset/tree/plantDataSet,UConn plant pH preferences | https://soiltesting.cahnr.uconn.edu/plant-ph-preferences/,Added from online indoor-plant source. This source provided plant identity and light level; other care fields were not available in that source. Filled from kentia palm indoor care profile.,ispeakplantish common-houseplants-data.csv,https://raw.githubusercontent.com/anjelicasilva/ispeakplantish/master/seed_data/common-houseplants-data.csv
Aeschynanthus Pulcher 'Mona Lisa',source-backed exact/cultivar-level,Lipstick Plant ‘Mona Lisa’,indoor,65-80,65,80,Bright,frequent,Peat-based mix,6.0-7.0,6,7,ispeakplantish common-houseplants-data.csv | https://raw.githubusercontent.com/anjelicasilva/ispeakplantish/master/seed_data/common-houseplants-data.csv,processed_plant_data.csv | https://github.com/harshada-javeri/water-your-plant/blob/main/data/processed_plant_data.csv?plain=1,General home-garden pH range | https://www.mahagro.com/blogs/articles/soil-ph-levels-for-plants,Added from online indoor-plant source. This source provided plant identity and light level; other care fields were not available in that source. Filled from same-genus lipstick plant profile.,ispeakplantish common-houseplants-data.csv,https://raw.githubusercontent.com/anjelicasilva/ispeakplantish/master/seed_data/common-houseplants-data.csv
Ficus Binnendijkii 'Alii',source-backed exact/cultivar-level,Long Leaved Fig,indoor,65-85,65,85,Bright,moderate,Well-draining potting mix,5.0-6.0,5,6,ispeakplantish common-houseplants-data.csv | https://raw.githubusercontent.com/anjelicasilva/ispeakplantish/master/seed_data/common-houseplants-data.csv,processed_plant_data.csv | https://github.com/harshada-javeri/water-your-plant/blob/main/data/processed_plant_data.csv?plain=1,UConn plant pH preferences | https://soiltesting.cahnr.uconn.edu/plant-ph-preferences/,Added from online indoor-plant source. This source provided plant identity and light level; other care fields were not available in that source. Filled from similar Ficus care profile.,ispeakplantish common-houseplants-data.csv,https://raw.githubusercontent.com/anjelicasilva/ispeakplantish/master/seed_data/common-houseplants-data.csv
Dracaena Marginata,source-backed exact/cultivar-level,Madagascar Dragon Tree,indoor,70-85,70,85,Bright,moderate,Well-draining potting mix,5.0-6.0,5,6,ispeakplantish common-houseplants-data.csv | https://raw.githubusercontent.com/anjelicasilva/ispeakplantish/master/seed_data/common-houseplants-data.csv,processed_plant_data.csv | https://github.com/harshada-javeri/water-your-plant/blob/main/data/processed_plant_data.csv?plain=1,UConn plant pH preferences | https://soiltesting.cahnr.uconn.edu/plant-ph-preferences/,Added from online indoor-plant source. This source provided plant identity and light level; other care fields were not available in that source. Filled from same-species Dracaena marginata profile.,ispeakplantish common-houseplants-data.csv,https://raw.githubusercontent.com/anjelicasilva/ispeakplantish/master/seed_data/common-houseplants-data.csv
Pachypodium Lamerei,source-backed exact/cultivar-level,Madagascar Palm,indoor,65-85,65,85,Bright,rare,Cactus/succulent mix,6.0-7.0,6,7,ispeakplantish common-houseplants-data.csv | https://raw.githubusercontent.com/anjelicasilva/ispeakplantish/master/seed_data/common-houseplants-data.csv,Indoor plants dataset (biologiste95 plant-dataset) | https://github.com/biologiste95/plant-dataset/tree/plantDataSet,UConn plant pH preferences | https://soiltesting.cahnr.uconn.edu/plant-ph-preferences/,Added from online indoor-plant source. This source provided plant identity and light level; other care fields were not available in that source. Filled from succulent/spiny caudiciform profile.,ispeakplantish common-houseplants-data.csv,https://raw.githubusercontent.com/anjelicasilva/ispeakplantish/master/seed_data/common-houseplants-data.csv
Adiantum Fragrans,source-backed exact/cultivar-level,Maidenhair Fern,indoor,60-75,60,75,Bright,frequent,Peat-based potting mix,5.5-6.5,5.5,6.5,ispeakplantish common-houseplants-data.csv | https://raw.githubusercontent.com/anjelicasilva/ispeakplantish/master/seed_data/common-houseplants-data.csv,Indoor plants dataset (biologiste95 plant-dataset) | https://github.com/biologiste95/plant-dataset/tree/plantDataSet,General home-garden pH range | https://www.mahagro.com/blogs/articles/soil-ph-levels-for-plants,Added from online indoor-plant source. This source provided plant identity and light level; other care fields were not available in that source. Filled from maidenhair fern profile.,ispeakplantish common-houseplants-data.csv,https://raw.githubusercontent.com/anjelicasilva/ispeakplantish/master/seed_data/common-houseplants-data.csv
Medinilla Magnifica,source-backed exact/cultivar-level,Medinilla,indoor,65-80,65,80,Bright,frequent,Well-draining potting mix,5.5-6.5,5.5,6.5,ispeakplantish common-houseplants-data.csv | https://raw.githubusercontent.com/anjelicasilva/ispeakplantish/master/seed_data/common-houseplants-data.csv,Indoor plants dataset (biologiste95 plant-dataset) | https://github.com/biologiste95/plant-dataset/tree/plantDataSet,General home-garden pH range | https://www.mahagro.com/blogs/articles/soil-ph-levels-for-plants,Added from online indoor-plant source. This source provided plant identity and light level; other care fields were not available in that source. Filled from medinilla/tropical flowering epiphyte profile.,ispeakplantish common-houseplants-data.csv,https://raw.githubusercontent.com/anjelicasilva/ispeakplantish/master/seed_data/common-houseplants-data.csv
Chamaedorea Metallica,source-backed exact/cultivar-level,Metallic Palm,indoor,65-75,65,75,Medium,moderate,Peat-based mix,6.0-7.5,6,7.5,ispeakplantish common-houseplants-data.csv | https://raw.githubusercontent.com/anjelicasilva/ispeakplantish/master/seed_data/common-houseplants-data.csv,processed_plant_data.csv | https://github.com/harshada-javeri/water-your-plant/blob/main/data/processed_plant_data.csv?plain=1,UConn plant pH preferences | https://soiltesting.cahnr.uconn.edu/plant-ph-preferences/,Added from online indoor-plant source. This source provided plant identity and light level; other care fields were not available in that source. Filled from similar Chamaedorea palm profile.,ispeakplantish common-houseplants-data.csv,https://raw.githubusercontent.com/anjelicasilva/ispeakplantish/master/seed_data/common-houseplants-data.csv
Crassula Minor,source-backed exact/cultivar-level,Mini Jade Plant,indoor,65-75,65,75,Bright,rare,Cactus/succulent mix,6.0-7.0,6,7,ispeakplantish common-houseplants-data.csv | https://raw.githubusercontent.com/anjelicasilva/ispeakplantish/master/seed_data/common-houseplants-data.csv,processed_plant_data.csv | https://github.com/harshada-javeri/water-your-plant/blob/main/data/processed_plant_data.csv?plain=1,General home-garden pH range | https://www.mahagro.com/blogs/articles/soil-ph-levels-for-plants,Added from online indoor-plant source. This source provided plant identity and light level; other care fields were not available in that source. Filled from same-genus Crassula/jade profile.,ispeakplantish common-houseplants-data.csv,https://raw.githubusercontent.com/anjelicasilva/ispeakplantish/master/seed_data/common-houseplants-data.csv
Rhipsalis,source-backed exact/cultivar-level,Mistletoe Cacti,indoor,65-75,65,75,Bright,moderate,Cactus/succulent mix,5.0-6.5,5,6.5,ispeakplantish common-houseplants-data.csv | https://raw.githubusercontent.com/anjelicasilva/ispeakplantish/master/seed_data/common-houseplants-data.csv,processed_plant_data.csv | https://github.com/harshada-javeri/water-your-plant/blob/main/data/processed_plant_data.csv?plain=1,UConn plant pH preferences (succulents) | https://soiltesting.cahnr.uconn.edu/plant-ph-preferences/,Added from online indoor-plant source. This source provided plant identity and light level; other care fields were not available in that source. Filled from same-genus Rhipsalis profile.,ispeakplantish common-houseplants-data.csv,https://raw.githubusercontent.com/anjelicasilva/ispeakplantish/master/seed_data/common-houseplants-data.csv
Sansevieria Trifasciata Laurentii,source-backed exact/cultivar-level,Mother-in-Laws Tongue,indoor,65-90,65,90,Bright,rare,Cactus/succulent mix,4.5-7.0,4.5,7,ispeakplantish common-houseplants-data.csv | https://raw.githubusercontent.com/anjelicasilva/ispeakplantish/master/seed_data/common-houseplants-data.csv,processed_plant_data.csv | https://github.com/harshada-javeri/water-your-plant/blob/main/data/processed_plant_data.csv?plain=1,UConn plant pH preferences | https://soiltesting.cahnr.uconn.edu/plant-ph-preferences/,Added from online indoor-plant source. This source provided plant identity and light level; other care fields were not available in that source. Filled from same-species snake plant profile.,ispeakplantish common-houseplants-data.csv,https://raw.githubusercontent.com/anjelicasilva/ispeakplantish/master/seed_data/common-houseplants-data.csv
Sansevieria Zeylanica,source-backed exact/cultivar-level,Mother-in-Laws Tongue ‘Zeylanica’,indoor,65-90,65,90,Medium,rare,Cactus/succulent mix,4.5-7.0,4.5,7,ispeakplantish common-houseplants-data.csv | https://raw.githubusercontent.com/anjelicasilva/ispeakplantish/master/seed_data/common-houseplants-data.csv,processed_plant_data.csv | https://github.com/harshada-javeri/water-your-plant/blob/main/data/processed_plant_data.csv?plain=1,UConn plant pH preferences | https://soiltesting.cahnr.uconn.edu/plant-ph-preferences/,Added from online indoor-plant source. This source provided plant identity and light level; other care fields were not available in that source. Filled from same-genus snake plant profile.,ispeakplantish common-houseplants-data.csv,https://raw.githubusercontent.com/anjelicasilva/ispeakplantish/master/seed_data/common-houseplants-data.csv
Philodendron Pedatum,source-backed exact/cultivar-level,Oak Leaf Philodendron,indoor,65-80,65,80,Medium,frequent,"Chunky, well-draining aroid mix",5.0-6.0,5,6,ispeakplantish common-houseplants-data.csv | https://raw.githubusercontent.com/anjelicasilva/ispeakplantish/master/seed_data/common-houseplants-data.csv,processed_plant_data.csv | https://github.com/harshada-javeri/water-your-plant/blob/main/data/processed_plant_data.csv?plain=1,UConn plant pH preferences | https://soiltesting.cahnr.uconn.edu/plant-ph-preferences/,Added from online indoor-plant source. This source provided plant identity and light level; other care fields were not available in that source. Filled from similar climbing Philodendron profile.,ispeakplantish common-houseplants-data.csv,https://raw.githubusercontent.com/anjelicasilva/ispeakplantish/master/seed_data/common-houseplants-data.csv
Chamaedorea Elegans,source-backed exact/cultivar-level,Parlour Palm,indoor,65-80,65,80,Bright,moderate,Peat-based mix,6.0-7.0,6,7,ispeakplantish common-houseplants-data.csv | https://raw.githubusercontent.com/anjelicasilva/ispeakplantish/master/seed_data/common-houseplants-data.csv,processed_plant_data.csv | https://github.com/harshada-javeri/water-your-plant/blob/main/data/processed_plant_data.csv?plain=1,UConn plant pH preferences | https://soiltesting.cahnr.uconn.edu/plant-ph-preferences/,Added from online indoor-plant source. This source provided plant identity and light level; other care fields were not available in that source. Filled from parlor-palm indoor profile.,ispeakplantish common-houseplants-data.csv,https://raw.githubusercontent.com/anjelicasilva/ispeakplantish/master/seed_data/common-houseplants-data.csv
Calathea Orbifolia,source-backed exact/cultivar-level,Peacock Plant,indoor,65-75,65,75,Medium,frequent,Peat-based mix,5.0-6.0,5,6,ispeakplantish common-houseplants-data.csv | https://raw.githubusercontent.com/anjelicasilva/ispeakplantish/master/seed_data/common-houseplants-data.csv,processed_plant_data.csv | https://github.com/harshada-javeri/water-your-plant/blob/main/data/processed_plant_data.csv?plain=1,UConn plant pH preferences (Peacock Plant) | https://soiltesting.cahnr.uconn.edu/plant-ph-preferences/,Added from online indoor-plant source. This source provided plant identity and light level; other care fields were not available in that source. Filled from same-species Calathea orbifolia profile.,ispeakplantish common-houseplants-data.csv,https://raw.githubusercontent.com/anjelicasilva/ispeakplantish/master/seed_data/common-houseplants-data.csv
Calathea Sanderiana,source-backed exact/cultivar-level,Pin Stripe Calathea,indoor,65-75,65,75,Low,frequent,Peat-based mix,5.0-6.0,5,6,ispeakplantish common-houseplants-data.csv | https://raw.githubusercontent.com/anjelicasilva/ispeakplantish/master/seed_data/common-houseplants-data.csv,processed_plant_data.csv | https://github.com/harshada-javeri/water-your-plant/blob/main/data/processed_plant_data.csv?plain=1,UConn plant pH preferences (Peacock Plant) | https://soiltesting.cahnr.uconn.edu/plant-ph-preferences/,Added from online indoor-plant source. This source provided plant identity and light level; other care fields were not available in that source. Filled from similar Calathea profile.,ispeakplantish common-houseplants-data.csv,https://raw.githubusercontent.com/anjelicasilva/ispeakplantish/master/seed_data/common-houseplants-data.csv
Dracaena Reflexa 'Anita',source-backed exact/cultivar-level,Pleomele Anita,indoor,65-85,65,85,Medium,moderate,Well-draining potting mix,5.0-6.0,5,6,ispeakplantish common-houseplants-data.csv | https://raw.githubusercontent.com/anjelicasilva/ispeakplantish/master/seed_data/common-houseplants-data.csv,processed_plant_data.csv | https://github.com/harshada-javeri/water-your-plant/blob/main/data/processed_plant_data.csv?plain=1,UConn plant pH preferences | https://soiltesting.cahnr.uconn.edu/plant-ph-preferences/,Added from online indoor-plant source. This source provided plant identity and light level; other care fields were not available in that source. Filled from similar Dracaena reflexa/fragrans group profile.,ispeakplantish common-houseplants-data.csv,https://raw.githubusercontent.com/anjelicasilva/ispeakplantish/master/seed_data/common-houseplants-data.csv